-- MySQL dump 10.13  Distrib 5.1.41, for debian-linux-gnu (i486)
--
-- Host: localhost    Database: golf_development
-- ------------------------------------------------------
-- Server version	5.1.41-3ubuntu12.6

/*!40101 SET @OLD_CHARACTER_SET_CLIENT=@@CHARACTER_SET_CLIENT */;
/*!40101 SET @OLD_CHARACTER_SET_RESULTS=@@CHARACTER_SET_RESULTS */;
/*!40101 SET @OLD_COLLATION_CONNECTION=@@COLLATION_CONNECTION */;
/*!40101 SET NAMES utf8 */;
/*!40103 SET @OLD_TIME_ZONE=@@TIME_ZONE */;
/*!40103 SET TIME_ZONE='+00:00' */;
/*!40014 SET @OLD_UNIQUE_CHECKS=@@UNIQUE_CHECKS, UNIQUE_CHECKS=0 */;
/*!40014 SET @OLD_FOREIGN_KEY_CHECKS=@@FOREIGN_KEY_CHECKS, FOREIGN_KEY_CHECKS=0 */;
/*!40101 SET @OLD_SQL_MODE=@@SQL_MODE, SQL_MODE='NO_AUTO_VALUE_ON_ZERO' */;
/*!40111 SET @OLD_SQL_NOTES=@@SQL_NOTES, SQL_NOTES=0 */;

--
-- Table structure for table `audit_trails`
--

DROP TABLE IF EXISTS `audit_trails`;
/*!40101 SET @saved_cs_client     = @@character_set_client */;
/*!40101 SET character_set_client = utf8 */;
CREATE TABLE `audit_trails` (
  `id` int(11) NOT NULL AUTO_INCREMENT,
  `user_id` int(11) DEFAULT NULL,
  `controller` varchar(255) DEFAULT NULL,
  `action` varchar(255) DEFAULT NULL,
  `created_at` datetime DEFAULT NULL,
  `updated_at` datetime DEFAULT NULL,
  PRIMARY KEY (`id`)
) ENGINE=InnoDB AUTO_INCREMENT=2508 DEFAULT CHARSET=latin1;
/*!40101 SET character_set_client = @saved_cs_client */;

--
-- Dumping data for table `audit_trails`
--

LOCK TABLES `audit_trails` WRITE;
/*!40000 ALTER TABLE `audit_trails` DISABLE KEYS */;
INSERT INTO `audit_trails` VALUES (1,0,'session','create','2010-07-17 10:29:40','2010-07-17 10:29:40'),(2,1,'home','index','2010-07-17 10:29:40','2010-07-17 10:29:40'),(3,1,'home','index','2010-07-17 10:31:41','2010-07-17 10:31:41'),(4,1,'privacy_friends','new','2010-07-17 10:31:47','2010-07-17 10:31:47'),(5,1,'privacy_friends','new','2010-07-17 10:32:41','2010-07-17 10:32:41'),(6,1,'privacy_friends','new','2010-07-17 10:32:48','2010-07-17 10:32:48'),(7,1,'users','public_users','2010-07-17 10:33:00','2010-07-17 10:33:00'),(8,1,'users','public_users','2010-07-17 10:33:02','2010-07-17 10:33:02'),(9,1,'privacy_friends','create','2010-07-17 10:33:07','2010-07-17 10:33:07'),(10,1,'privacy_friends','new','2010-07-17 10:33:08','2010-07-17 10:33:08'),(11,1,'users','public_users','2010-07-17 10:33:15','2010-07-17 10:33:15'),(12,1,'privacy_friends','create','2010-07-17 10:33:17','2010-07-17 10:33:17'),(13,1,'privacy_friends','new','2010-07-17 10:33:18','2010-07-17 10:33:18'),(14,1,'users','public_users','2010-07-17 10:33:21','2010-07-17 10:33:21'),(15,1,'users','public_users','2010-07-17 10:33:25','2010-07-17 10:33:25'),(16,1,'privacy_friends','create','2010-07-17 10:33:27','2010-07-17 10:33:27'),(17,1,'privacy_friends','new','2010-07-17 10:33:27','2010-07-17 10:33:27'),(18,1,'privacy_friends','new','2010-07-17 10:34:12','2010-07-17 10:34:12'),(19,1,'privacy_friends','new','2010-07-17 10:35:09','2010-07-17 10:35:09'),(20,1,'privacy_friends','new','2010-07-17 10:37:18','2010-07-17 10:37:18'),(21,1,'privacy_friends','new','2010-07-17 10:37:36','2010-07-17 10:37:36'),(22,1,'privacy_friends','new','2010-07-17 10:37:57','2010-07-17 10:37:57'),(23,1,'privacy_friends','new','2010-07-17 10:40:13','2010-07-17 10:40:13'),(24,1,'privacy_friends','new','2010-07-17 10:42:03','2010-07-17 10:42:03'),(25,1,'privacy_friends','new','2010-07-17 10:42:34','2010-07-17 10:42:34'),(26,1,'privacy_friends','new','2010-07-17 10:42:51','2010-07-17 10:42:51'),(27,1,'privacy_friends','new','2010-07-17 10:43:30','2010-07-17 10:43:30'),(28,1,'privacy_friends','new','2010-07-17 10:43:38','2010-07-17 10:43:38'),(29,1,'privacy_friends','new','2010-07-17 11:06:23','2010-07-17 11:06:23'),(30,1,'privacy_friends','new','2010-07-17 11:06:29','2010-07-17 11:06:29'),(31,1,'privacy_friends','new','2010-07-17 11:06:31','2010-07-17 11:06:31'),(32,1,'privacy_friends','new','2010-07-17 11:08:32','2010-07-17 11:08:32'),(33,1,'users','public_users','2010-07-17 11:08:37','2010-07-17 11:08:37'),(34,1,'privacy_friends','create','2010-07-17 11:08:39','2010-07-17 11:08:39'),(35,1,'privacy_friends','new','2010-07-17 11:08:40','2010-07-17 11:08:40'),(36,1,'privacy_friends','destroy','2010-07-17 11:08:45','2010-07-17 11:08:45'),(37,1,'privacy_friends','new','2010-07-17 11:08:45','2010-07-17 11:08:45'),(38,1,'session','destroy','2010-07-17 11:08:52','2010-07-17 11:08:52'),(39,0,'home','index','2010-07-17 11:08:52','2010-07-17 11:08:52'),(40,0,'session','new','2010-07-17 11:08:52','2010-07-17 11:08:52'),(41,0,'session','create','2010-07-17 11:09:00','2010-07-17 11:09:00'),(42,2,'home','index','2010-07-17 11:09:01','2010-07-17 11:09:01'),(43,2,'privacy_friends','new','2010-07-17 11:09:03','2010-07-17 11:09:03'),(44,2,'users','public_users','2010-07-17 11:09:06','2010-07-17 11:09:06'),(45,2,'users','public_users','2010-07-17 11:09:07','2010-07-17 11:09:07'),(46,2,'privacy_friends','create','2010-07-17 11:09:09','2010-07-17 11:09:09'),(47,2,'privacy_friends','new','2010-07-17 11:09:09','2010-07-17 11:09:09'),(48,2,'privacy_friends','new','2010-07-17 11:09:38','2010-07-17 11:09:38'),(49,2,'session','destroy','2010-07-17 11:09:44','2010-07-17 11:09:44'),(50,0,'home','index','2010-07-17 11:09:44','2010-07-17 11:09:44'),(51,0,'session','new','2010-07-17 11:09:44','2010-07-17 11:09:44'),(52,0,'session','create','2010-07-17 11:09:49','2010-07-17 11:09:49'),(53,1,'home','index','2010-07-17 11:09:49','2010-07-17 11:09:49'),(54,1,'privacy_friends','new','2010-07-17 11:09:52','2010-07-17 11:09:52'),(55,1,'privacy_friends','new','2010-07-17 11:16:30','2010-07-17 11:16:30'),(56,1,'privacy_friends','new','2010-07-17 11:16:43','2010-07-17 11:16:43'),(57,1,'session','destroy','2010-07-17 11:16:57','2010-07-17 11:16:57'),(58,0,'home','index','2010-07-17 11:16:57','2010-07-17 11:16:57'),(59,0,'session','new','2010-07-17 11:16:58','2010-07-17 11:16:58'),(60,0,'session','create','2010-07-17 11:17:03','2010-07-17 11:17:03'),(61,2,'home','index','2010-07-17 11:17:03','2010-07-17 11:17:03'),(62,2,'privacy_friends','new','2010-07-17 11:17:07','2010-07-17 11:17:07'),(63,2,'privacy_friends','destroy','2010-07-17 11:17:19','2010-07-17 11:17:19'),(64,2,'privacy_friends','new','2010-07-17 11:17:19','2010-07-17 11:17:19'),(65,2,'matches','index','2010-07-17 11:17:23','2010-07-17 11:17:23'),(66,2,'matches','index','2010-07-17 11:17:25','2010-07-17 11:17:25'),(67,2,'matches','new','2010-07-17 11:17:27','2010-07-17 11:17:27'),(68,2,'session','destroy','2010-07-17 11:17:32','2010-07-17 11:17:32'),(69,0,'home','index','2010-07-17 11:17:32','2010-07-17 11:17:32'),(70,0,'session','new','2010-07-17 11:17:33','2010-07-17 11:17:33'),(71,0,'session','create','2010-07-17 11:17:40','2010-07-17 11:17:40'),(72,1,'home','index','2010-07-17 11:17:40','2010-07-17 11:17:40'),(73,1,'privacy_friends','new','2010-07-17 11:17:43','2010-07-17 11:17:43'),(74,1,'matches','index','2010-07-17 11:18:02','2010-07-17 11:18:02'),(75,1,'matches','index','2010-07-17 11:18:03','2010-07-17 11:18:03'),(76,1,'matches','new','2010-07-17 11:18:04','2010-07-17 11:18:04'),(77,1,'session','destroy','2010-07-17 11:18:14','2010-07-17 11:18:14'),(78,0,'home','index','2010-07-17 11:18:14','2010-07-17 11:18:14'),(79,0,'session','new','2010-07-17 11:18:15','2010-07-17 11:18:15'),(80,0,'session','create','2010-07-17 11:19:03','2010-07-17 11:19:03'),(81,1,'home','index','2010-07-17 11:19:04','2010-07-17 11:19:04'),(82,1,'privacy_friends','new','2010-07-17 11:19:06','2010-07-17 11:19:06'),(83,1,'matches','index','2010-07-17 11:19:32','2010-07-17 11:19:32'),(84,1,'matches','index','2010-07-17 11:19:33','2010-07-17 11:19:33'),(85,1,'matches','new','2010-07-17 11:19:35','2010-07-17 11:19:35'),(86,1,'session','destroy','2010-07-17 11:19:46','2010-07-17 11:19:46'),(87,0,'home','index','2010-07-17 11:19:46','2010-07-17 11:19:46'),(88,0,'session','new','2010-07-17 11:19:46','2010-07-17 11:19:46'),(89,0,'session','create','2010-07-17 11:19:52','2010-07-17 11:19:52'),(90,2,'home','index','2010-07-17 11:19:52','2010-07-17 11:19:52'),(91,2,'privacy_friends','new','2010-07-17 11:19:55','2010-07-17 11:19:55'),(92,2,'matches','index','2010-07-17 11:20:03','2010-07-17 11:20:03'),(93,2,'matches','index','2010-07-17 11:20:04','2010-07-17 11:20:04'),(94,2,'matches','new','2010-07-17 11:20:05','2010-07-17 11:20:05'),(95,2,'session','destroy','2010-07-17 11:20:13','2010-07-17 11:20:13'),(96,0,'home','index','2010-07-17 11:20:13','2010-07-17 11:20:13'),(97,0,'session','new','2010-07-17 11:20:14','2010-07-17 11:20:14'),(98,0,'session','create','2010-07-17 11:20:26','2010-07-17 11:20:26'),(99,1,'home','index','2010-07-17 11:20:26','2010-07-17 11:20:26'),(100,1,'privacy_friends','new','2010-07-17 11:20:28','2010-07-17 11:20:28'),(101,1,'users','public_users','2010-07-17 11:20:49','2010-07-17 11:20:49'),(102,1,'privacy_friends','create','2010-07-17 11:20:54','2010-07-17 11:20:54'),(103,1,'privacy_friends','new','2010-07-17 11:20:55','2010-07-17 11:20:55'),(104,1,'session','destroy','2010-07-17 11:21:01','2010-07-17 11:21:01'),(105,0,'home','index','2010-07-17 11:21:01','2010-07-17 11:21:01'),(106,0,'session','new','2010-07-17 11:21:02','2010-07-17 11:21:02'),(107,0,'session','create','2010-07-17 11:21:08','2010-07-17 11:21:08'),(108,6,'home','index','2010-07-17 11:21:09','2010-07-17 11:21:09'),(109,6,'privacy_friends','new','2010-07-17 11:21:11','2010-07-17 11:21:11'),(110,6,'users','public_users','2010-07-17 11:22:11','2010-07-17 11:22:11'),(111,6,'session','destroy','2010-07-17 11:22:58','2010-07-17 11:22:58'),(112,0,'home','index','2010-07-17 11:22:59','2010-07-17 11:22:59'),(113,0,'session','new','2010-07-17 11:22:59','2010-07-17 11:22:59'),(114,0,'session','new','2010-07-17 11:25:25','2010-07-17 11:25:25'),(115,0,'session','create','2010-07-17 11:26:50','2010-07-17 11:26:50'),(116,1,'home','index','2010-07-17 11:26:50','2010-07-17 11:26:50'),(117,1,'matches','index','2010-07-17 11:26:54','2010-07-17 11:26:54'),(118,1,'matches','index','2010-07-17 11:26:55','2010-07-17 11:26:55'),(119,1,'matches','show','2010-07-17 11:27:20','2010-07-17 11:27:20'),(120,1,'course_images','show','2010-07-17 11:27:21','2010-07-17 11:27:21'),(121,1,'players','index','2010-07-17 11:27:22','2010-07-17 11:27:22'),(122,1,'matches','show','2010-07-17 11:28:30','2010-07-17 11:28:30'),(123,1,'course_images','show','2010-07-17 11:28:31','2010-07-17 11:28:31'),(124,1,'players','index','2010-07-17 11:28:31','2010-07-17 11:28:31'),(125,1,'home','index','2010-07-17 11:28:35','2010-07-17 11:28:35'),(126,1,'privacy_friends','new','2010-07-17 11:28:41','2010-07-17 11:28:41'),(127,1,'privacy_friends','new','2010-07-17 11:29:21','2010-07-17 11:29:21'),(128,1,'privacy_friends','new','2010-07-17 11:29:24','2010-07-17 11:29:24'),(129,1,'privacy_friends','new','2010-07-17 11:29:40','2010-07-17 11:29:40'),(130,1,'privacy_friends','new','2010-07-17 11:30:18','2010-07-17 11:30:18'),(131,1,'privacy_friends','new','2010-07-17 11:30:48','2010-07-17 11:30:48'),(132,1,'privacy_friends','new','2010-07-17 11:30:59','2010-07-17 11:30:59'),(133,1,'privacy_friends','new','2010-07-17 11:31:09','2010-07-17 11:31:09'),(134,1,'privacy_friends','new','2010-07-17 11:31:23','2010-07-17 11:31:23'),(135,1,'privacy_friends','new','2010-07-17 11:31:57','2010-07-17 11:31:57'),(136,1,'privacy_friends','new','2010-07-17 11:32:04','2010-07-17 11:32:04'),(137,1,'privacy_friends','new','2010-07-17 11:32:08','2010-07-17 11:32:08'),(138,1,'session','destroy','2010-07-17 11:32:17','2010-07-17 11:32:17'),(139,0,'home','index','2010-07-17 11:32:18','2010-07-17 11:32:18'),(140,0,'session','new','2010-07-17 11:32:18','2010-07-17 11:32:18'),(141,0,'session','create','2010-07-17 11:32:30','2010-07-17 11:32:30'),(142,2,'home','index','2010-07-17 11:32:30','2010-07-17 11:32:30'),(143,2,'courses','index','2010-07-17 11:32:34','2010-07-17 11:32:34'),(144,2,'course_images','show','2010-07-17 11:32:35','2010-07-17 11:32:35'),(145,2,'courses','new','2010-07-17 11:32:36','2010-07-17 11:32:36'),(146,2,'users','show','2010-07-17 11:32:47','2010-07-17 11:32:47'),(147,2,'privacy_friends','new','2010-07-17 11:32:50','2010-07-17 11:32:50'),(148,2,'users','public_users','2010-07-17 11:32:58','2010-07-17 11:32:58'),(149,2,'privacy_friends','create','2010-07-17 11:33:00','2010-07-17 11:33:00'),(150,2,'privacy_friends','new','2010-07-17 11:33:00','2010-07-17 11:33:00'),(151,2,'privacy_friends','new','2010-07-17 11:33:17','2010-07-17 11:33:17'),(152,2,'privacy_friends','new','2010-07-17 11:33:34','2010-07-17 11:33:34'),(153,2,'privacy_friends','new','2010-07-17 11:33:39','2010-07-17 11:33:39'),(154,2,'privacy_friends','new','2010-07-17 11:34:28','2010-07-17 11:34:28'),(155,2,'privacy_friends','new','2010-07-17 11:37:26','2010-07-17 11:37:26'),(156,2,'privacy_friends','new','2010-07-17 11:39:00','2010-07-17 11:39:00'),(157,2,'privacy_friends','new','2010-07-17 11:42:30','2010-07-17 11:42:30'),(158,2,'privacy_friends','new','2010-07-17 11:42:52','2010-07-17 11:42:52'),(159,2,'privacy_friends','new','2010-07-17 11:43:21','2010-07-17 11:43:21'),(160,2,'privacy_friends','new','2010-07-17 11:56:43','2010-07-17 11:56:43'),(161,2,'privacy_friends','new','2010-07-17 11:57:17','2010-07-17 11:57:17'),(162,2,'privacy_friends','new','2010-07-17 11:57:39','2010-07-17 11:57:39'),(163,0,'session','new','2010-07-17 15:45:53','2010-07-17 15:45:53'),(164,0,'session','create','2010-07-17 15:48:46','2010-07-17 15:48:46'),(165,1,'home','index','2010-07-17 15:48:46','2010-07-17 15:48:46'),(166,1,'privacy_friends','new','2010-07-17 15:49:32','2010-07-17 15:49:32'),(167,1,'privacy_friends','new','2010-07-17 15:49:49','2010-07-17 15:49:49'),(168,1,'privacy_friends','new','2010-07-17 15:49:53','2010-07-17 15:49:53'),(169,1,'privacy_friends','new','2010-07-17 15:51:50','2010-07-17 15:51:50'),(170,1,'users','public_users','2010-07-17 15:52:02','2010-07-17 15:52:02'),(171,1,'privacy_friends','create','2010-07-17 15:52:04','2010-07-17 15:52:04'),(172,1,'privacy_friends','new','2010-07-17 15:52:05','2010-07-17 15:52:05'),(173,1,'privacy_friends','new','2010-07-17 15:54:09','2010-07-17 15:54:09'),(174,1,'users','public_users','2010-07-17 15:54:14','2010-07-17 15:54:14'),(175,1,'privacy_friends','create','2010-07-17 15:54:17','2010-07-17 15:54:17'),(176,1,'privacy_friends','new','2010-07-17 15:54:18','2010-07-17 15:54:18'),(177,1,'users','public_users','2010-07-17 15:54:26','2010-07-17 15:54:26'),(178,1,'users','public_users','2010-07-17 15:54:26','2010-07-17 15:54:26'),(179,1,'privacy_friends','create','2010-07-17 15:54:28','2010-07-17 15:54:28'),(180,1,'privacy_friends','new','2010-07-17 15:54:28','2010-07-17 15:54:28'),(181,1,'users','public_users','2010-07-17 15:54:36','2010-07-17 15:54:36'),(182,1,'users','public_users','2010-07-17 15:54:38','2010-07-17 15:54:38'),(183,1,'privacy_friends','create','2010-07-17 15:54:39','2010-07-17 15:54:39'),(184,1,'privacy_friends','new','2010-07-17 15:54:39','2010-07-17 15:54:39'),(185,1,'session','destroy','2010-07-17 15:54:43','2010-07-17 15:54:43'),(186,0,'home','index','2010-07-17 15:54:43','2010-07-17 15:54:43'),(187,0,'session','new','2010-07-17 15:54:43','2010-07-17 15:54:43'),(188,0,'session','create','2010-07-17 15:54:51','2010-07-17 15:54:51'),(189,2,'home','index','2010-07-17 15:54:52','2010-07-17 15:54:52'),(190,2,'privacy_friends','new','2010-07-17 15:54:55','2010-07-17 15:54:55'),(191,2,'privacy_friends','new','2010-07-17 15:59:20','2010-07-17 15:59:20'),(192,2,'privacy_friends','new','2010-07-17 15:59:47','2010-07-17 15:59:47'),(193,2,'privacy_friends','new','2010-07-17 15:59:59','2010-07-17 15:59:59'),(194,2,'privacy_friends','new','2010-07-17 16:00:15','2010-07-17 16:00:15'),(195,2,'privacy_friends','new','2010-07-17 16:00:48','2010-07-17 16:00:48'),(196,2,'privacy_friends','new','2010-07-17 16:00:56','2010-07-17 16:00:56'),(197,2,'privacy_friends','new','2010-07-17 16:01:08','2010-07-17 16:01:08'),(198,2,'privacy_friends','new','2010-07-17 16:01:30','2010-07-17 16:01:30'),(199,2,'privacy_friends','new','2010-07-17 16:01:57','2010-07-17 16:01:57'),(200,2,'privacy_friends','new','2010-07-17 16:02:02','2010-07-17 16:02:02'),(201,2,'privacy_friends','new','2010-07-17 16:02:07','2010-07-17 16:02:07'),(202,2,'privacy_friends','new','2010-07-17 16:02:12','2010-07-17 16:02:12'),(203,2,'privacy_friends','new','2010-07-17 16:02:18','2010-07-17 16:02:18'),(204,2,'privacy_friends','new','2010-07-17 16:02:24','2010-07-17 16:02:24'),(205,2,'privacy_friends','new','2010-07-17 16:03:59','2010-07-17 16:03:59'),(206,2,'privacy_friends','new','2010-07-17 16:08:26','2010-07-17 16:08:26'),(207,2,'privacy_friends','new','2010-07-17 16:19:57','2010-07-17 16:19:57'),(208,2,'privacy_friends','allow','2010-07-17 16:20:04','2010-07-17 16:20:04'),(209,2,'privacy_friends','show','2010-07-17 16:20:05','2010-07-17 16:20:05'),(210,2,'users','show','2010-07-17 16:20:10','2010-07-17 16:20:10'),(211,2,'privacy_friends','new','2010-07-17 16:20:13','2010-07-17 16:20:13'),(212,2,'session','destroy','2010-07-17 16:20:50','2010-07-17 16:20:50'),(213,0,'home','index','2010-07-17 16:20:51','2010-07-17 16:20:51'),(214,0,'session','new','2010-07-17 16:20:51','2010-07-17 16:20:51'),(215,0,'session','create','2010-07-17 16:20:56','2010-07-17 16:20:56'),(216,1,'home','index','2010-07-17 16:20:57','2010-07-17 16:20:57'),(217,1,'privacy_friends','new','2010-07-17 16:20:59','2010-07-17 16:20:59'),(218,1,'session','destroy','2010-07-17 16:21:25','2010-07-17 16:21:25'),(219,0,'home','index','2010-07-17 16:21:25','2010-07-17 16:21:25'),(220,0,'session','new','2010-07-17 16:21:26','2010-07-17 16:21:26'),(221,0,'session','create','2010-07-17 16:21:34','2010-07-17 16:21:34'),(222,6,'home','index','2010-07-17 16:21:35','2010-07-17 16:21:35'),(223,6,'privacy_friends','new','2010-07-17 16:21:37','2010-07-17 16:21:37'),(224,6,'users','public_users','2010-07-17 16:21:42','2010-07-17 16:21:42'),(225,6,'privacy_friends','create','2010-07-17 16:21:45','2010-07-17 16:21:45'),(226,6,'privacy_friends','new','2010-07-17 16:21:45','2010-07-17 16:21:45'),(227,6,'session','destroy','2010-07-17 16:21:48','2010-07-17 16:21:48'),(228,0,'home','index','2010-07-17 16:21:48','2010-07-17 16:21:48'),(229,0,'session','new','2010-07-17 16:21:48','2010-07-17 16:21:48'),(230,0,'session','create','2010-07-17 16:21:54','2010-07-17 16:21:54'),(231,1,'home','index','2010-07-17 16:21:55','2010-07-17 16:21:55'),(232,1,'privacy_friends','new','2010-07-17 16:21:56','2010-07-17 16:21:56'),(233,1,'matches','index','2010-07-17 16:26:13','2010-07-17 16:26:13'),(234,1,'matches','index','2010-07-17 16:26:14','2010-07-17 16:26:14'),(235,1,'matches','new','2010-07-17 16:26:16','2010-07-17 16:26:16'),(236,1,'matches','new','2010-07-17 16:27:13','2010-07-17 16:27:13'),(237,1,'matches','new','2010-07-17 16:28:37','2010-07-17 16:28:37'),(238,1,'users','show','2010-07-17 16:28:48','2010-07-17 16:28:48'),(239,1,'privacy_friends','new','2010-07-17 16:32:26','2010-07-17 16:32:26'),(240,1,'privacy_friends','new','2010-07-17 16:34:46','2010-07-17 16:34:46'),(241,1,'privacy_friends','new','2010-07-17 16:34:49','2010-07-17 16:34:49'),(242,1,'privacy_friends','new','2010-07-17 16:35:21','2010-07-17 16:35:21'),(243,1,'privacy_friends','new','2010-07-17 16:35:29','2010-07-17 16:35:29'),(244,1,'matches','index','2010-07-17 16:35:34','2010-07-17 16:35:34'),(245,1,'matches','index','2010-07-17 16:35:35','2010-07-17 16:35:35'),(246,1,'matches','new','2010-07-17 16:35:38','2010-07-17 16:35:38'),(247,1,'users','show','2010-07-17 16:35:49','2010-07-17 16:35:49'),(248,1,'privacy_friends','new','2010-07-17 16:35:54','2010-07-17 16:35:54'),(249,1,'privacy_friends','new','2010-07-17 16:36:24','2010-07-17 16:36:24'),(250,1,'privacy_friends','new','2010-07-17 16:36:29','2010-07-17 16:36:29'),(251,1,'privacy_friends','new','2010-07-17 16:36:34','2010-07-17 16:36:34'),(252,1,'privacy_friends','new','2010-07-17 16:37:53','2010-07-17 16:37:53'),(253,1,'privacy_friends','new','2010-07-17 16:38:25','2010-07-17 16:38:25'),(254,1,'users','show','2010-07-17 16:38:35','2010-07-17 16:38:35'),(255,1,'users','show','2010-07-17 16:39:29','2010-07-17 16:39:29'),(256,1,'privacy_friends','new','2010-07-17 16:39:33','2010-07-17 16:39:33'),(257,1,'users','show','2010-07-17 16:40:14','2010-07-17 16:40:14'),(258,1,'home','index','2010-07-17 16:40:22','2010-07-17 16:40:22'),(259,1,'courses','index','2010-07-17 16:40:43','2010-07-17 16:40:43'),(260,1,'course_images','show','2010-07-17 16:40:43','2010-07-17 16:40:43'),(261,1,'home','index','2010-07-17 16:40:46','2010-07-17 16:40:46'),(262,1,'privacy_friends','new','2010-07-17 16:59:59','2010-07-17 16:59:59'),(263,1,'privacy_friends','new','2010-07-17 17:00:27','2010-07-17 17:00:27'),(264,1,'users','show','2010-07-17 17:00:31','2010-07-17 17:00:31'),(265,1,'home','index','2010-07-17 17:00:34','2010-07-17 17:00:34'),(266,1,'matches','index','2010-07-17 17:00:36','2010-07-17 17:00:36'),(267,1,'matches','index','2010-07-17 17:00:38','2010-07-17 17:00:38'),(268,1,'courses','index','2010-07-17 17:00:39','2010-07-17 17:00:39'),(269,1,'course_images','show','2010-07-17 17:00:40','2010-07-17 17:00:40'),(270,1,'charts','pie_courses','2010-07-17 17:00:42','2010-07-17 17:00:42'),(271,1,'home','index','2010-07-17 17:01:19','2010-07-17 17:01:19'),(272,1,'home','index','2010-07-17 17:05:54','2010-07-17 17:05:54'),(273,1,'home','index','2010-07-17 17:05:57','2010-07-17 17:05:57'),(274,1,'home','index','2010-07-17 17:06:07','2010-07-17 17:06:07'),(275,1,'home','index','2010-07-17 17:06:29','2010-07-17 17:06:29'),(276,1,'home','index','2010-07-17 17:06:50','2010-07-17 17:06:50'),(277,1,'home','index','2010-07-17 17:08:00','2010-07-17 17:08:00'),(278,1,'session','destroy','2010-07-17 17:08:05','2010-07-17 17:08:05'),(279,0,'home','index','2010-07-17 17:08:05','2010-07-17 17:08:05'),(280,0,'session','new','2010-07-17 17:08:05','2010-07-17 17:08:05'),(281,0,'session','new','2010-07-17 17:08:14','2010-07-17 17:08:14'),(282,0,'session','create','2010-07-17 17:08:29','2010-07-17 17:08:29'),(283,1,'home','index','2010-07-17 17:08:29','2010-07-17 17:08:29'),(284,1,'home','index','2010-07-17 17:09:14','2010-07-17 17:09:14'),(285,1,'home','index','2010-07-17 17:09:44','2010-07-17 17:09:44'),(286,1,'home','index','2010-07-17 17:10:02','2010-07-17 17:10:02'),(287,1,'home','index','2010-07-17 17:10:12','2010-07-17 17:10:12'),(288,1,'home','index','2010-07-17 17:12:03','2010-07-17 17:12:03'),(289,1,'home','index','2010-07-17 17:12:14','2010-07-17 17:12:14'),(290,1,'home','index','2010-07-17 17:12:23','2010-07-17 17:12:23'),(291,0,'session','new','2010-07-18 18:12:17','2010-07-18 18:12:17'),(292,0,'session','create','2010-07-18 18:12:32','2010-07-18 18:12:32'),(293,1,'home','index','2010-07-18 18:12:32','2010-07-18 18:12:32'),(294,1,'home','index','2010-07-18 18:19:29','2010-07-18 18:19:29'),(295,1,'matches','index','2010-07-18 18:36:35','2010-07-18 18:36:35'),(296,1,'matches','index','2010-07-18 18:36:37','2010-07-18 18:36:37'),(297,1,'matches','index','2010-07-18 18:36:41','2010-07-18 18:36:41'),(298,1,'matches','index','2010-07-18 18:36:43','2010-07-18 18:36:43'),(299,1,'home','index','2010-07-18 18:36:51','2010-07-18 18:36:51'),(300,1,'home','index','2010-07-18 18:37:44','2010-07-18 18:37:44'),(301,1,'home','index','2010-07-18 18:38:07','2010-07-18 18:38:07'),(302,1,'home','index','2010-07-18 18:38:22','2010-07-18 18:38:22'),(303,0,'session','new','2010-07-19 15:05:11','2010-07-19 15:05:11'),(304,0,'session','create','2010-07-19 15:05:20','2010-07-19 15:05:20'),(305,1,'home','index','2010-07-19 15:05:20','2010-07-19 15:05:20'),(306,1,'home','index','2010-07-19 15:05:57','2010-07-19 15:05:57'),(307,1,'home','index','2010-07-19 15:06:06','2010-07-19 15:06:06'),(308,1,'home','index','2010-07-19 15:06:12','2010-07-19 15:06:12'),(309,1,'home','index','2010-07-19 15:06:19','2010-07-19 15:06:19'),(310,1,'home','index','2010-07-19 15:06:48','2010-07-19 15:06:48'),(311,1,'home','index','2010-07-19 15:07:11','2010-07-19 15:07:11'),(312,1,'home','index','2010-07-19 15:08:51','2010-07-19 15:08:51'),(313,1,'home','index','2010-07-19 15:09:03','2010-07-19 15:09:03'),(314,1,'home','index','2010-07-19 15:59:00','2010-07-19 15:59:00'),(315,1,'home','index','2010-07-19 16:00:15','2010-07-19 16:00:15'),(316,1,'home','index','2010-07-19 16:00:27','2010-07-19 16:00:27'),(317,1,'home','index','2010-07-19 16:00:36','2010-07-19 16:00:36'),(318,1,'home','index','2010-07-19 16:01:12','2010-07-19 16:01:12'),(319,1,'home','index','2010-07-19 16:01:15','2010-07-19 16:01:15'),(320,1,'home','index','2010-07-19 16:01:55','2010-07-19 16:01:55'),(321,1,'home','index','2010-07-19 16:02:13','2010-07-19 16:02:13'),(322,1,'home','index','2010-07-19 16:02:22','2010-07-19 16:02:22'),(323,1,'home','index','2010-07-19 16:02:46','2010-07-19 16:02:46'),(324,1,'home','index','2010-07-19 16:02:58','2010-07-19 16:02:58'),(325,1,'home','index','2010-07-19 16:03:02','2010-07-19 16:03:02'),(326,1,'home','index','2010-07-19 16:05:35','2010-07-19 16:05:35'),(327,1,'home','index','2010-07-19 16:05:47','2010-07-19 16:05:47'),(328,1,'home','index','2010-07-19 16:06:00','2010-07-19 16:06:00'),(329,1,'home','index','2010-07-19 16:06:13','2010-07-19 16:06:13'),(330,1,'home','index','2010-07-19 16:06:21','2010-07-19 16:06:21'),(331,1,'home','index','2010-07-19 16:06:30','2010-07-19 16:06:30'),(332,1,'home','index','2010-07-19 16:07:04','2010-07-19 16:07:04'),(333,1,'home','index','2010-07-19 16:07:18','2010-07-19 16:07:18'),(334,1,'home','index','2010-07-19 16:07:33','2010-07-19 16:07:33'),(335,1,'home','index','2010-07-19 16:07:52','2010-07-19 16:07:52'),(336,1,'home','index','2010-07-19 16:08:12','2010-07-19 16:08:12'),(337,1,'home','index','2010-07-19 16:08:21','2010-07-19 16:08:21'),(338,1,'home','index','2010-07-19 16:08:35','2010-07-19 16:08:35'),(339,1,'home','index','2010-07-19 16:08:41','2010-07-19 16:08:41'),(340,1,'home','index','2010-07-19 16:09:34','2010-07-19 16:09:34'),(341,1,'home','index','2010-07-19 16:10:03','2010-07-19 16:10:03'),(342,1,'home','index','2010-07-19 16:10:13','2010-07-19 16:10:13'),(343,1,'home','index','2010-07-19 16:10:17','2010-07-19 16:10:17'),(344,1,'home','index','2010-07-19 16:10:39','2010-07-19 16:10:39'),(345,1,'home','index','2010-07-19 16:11:17','2010-07-19 16:11:17'),(346,1,'home','index','2010-07-19 16:11:20','2010-07-19 16:11:20'),(347,1,'home','index','2010-07-19 16:13:03','2010-07-19 16:13:03'),(348,1,'home','index','2010-07-19 16:13:07','2010-07-19 16:13:07'),(349,1,'home','index','2010-07-19 16:17:09','2010-07-19 16:17:09'),(350,1,'home','index','2010-07-19 16:18:24','2010-07-19 16:18:24'),(351,1,'home','index','2010-07-19 16:18:30','2010-07-19 16:18:30'),(352,1,'home','index','2010-07-19 16:18:36','2010-07-19 16:18:36'),(353,1,'home','index','2010-07-19 16:18:41','2010-07-19 16:18:41'),(354,1,'home','index','2010-07-19 16:18:50','2010-07-19 16:18:50'),(355,1,'home','index','2010-07-19 16:20:23','2010-07-19 16:20:23'),(356,1,'home','index','2010-07-19 16:22:27','2010-07-19 16:22:27'),(357,1,'home','index','2010-07-19 16:22:38','2010-07-19 16:22:38'),(358,1,'home','index','2010-07-19 16:27:54','2010-07-19 16:27:54'),(359,1,'home','index','2010-07-19 16:28:05','2010-07-19 16:28:05'),(360,1,'home','index','2010-07-19 16:28:13','2010-07-19 16:28:13'),(361,1,'home','index','2010-07-19 16:30:01','2010-07-19 16:30:01'),(362,1,'home','index','2010-07-19 16:30:08','2010-07-19 16:30:08'),(363,1,'home','index','2010-07-19 16:30:09','2010-07-19 16:30:09'),(364,1,'home','index','2010-07-19 16:30:26','2010-07-19 16:30:26'),(365,1,'home','index','2010-07-19 16:30:41','2010-07-19 16:30:41'),(366,1,'matches','index','2010-07-19 16:31:15','2010-07-19 16:31:15'),(367,1,'matches','index','2010-07-19 16:31:17','2010-07-19 16:31:17'),(368,1,'home','index','2010-07-19 16:31:19','2010-07-19 16:31:19'),(369,1,'home','index','2010-07-19 16:33:20','2010-07-19 16:33:20'),(370,1,'home','index','2010-07-19 16:33:28','2010-07-19 16:33:28'),(371,1,'home','index','2010-07-19 16:33:37','2010-07-19 16:33:37'),(372,1,'privacy_friends','new','2010-07-19 16:33:41','2010-07-19 16:33:41'),(373,1,'users','show','2010-07-19 16:33:44','2010-07-19 16:33:44'),(374,1,'users','show','2010-07-19 16:34:26','2010-07-19 16:34:26'),(375,1,'home','index','2010-07-19 16:34:28','2010-07-19 16:34:28'),(376,1,'privacy_friends','new','2010-07-19 16:34:39','2010-07-19 16:34:39'),(377,1,'session','destroy','2010-07-19 16:34:47','2010-07-19 16:34:47'),(378,0,'home','index','2010-07-19 16:34:47','2010-07-19 16:34:47'),(379,0,'session','new','2010-07-19 16:34:47','2010-07-19 16:34:47'),(380,0,'session','create','2010-07-19 16:34:53','2010-07-19 16:34:53'),(381,0,'session','create','2010-07-19 16:35:10','2010-07-19 16:35:10'),(382,0,'session','create','2010-07-19 16:35:38','2010-07-19 16:35:38'),(383,6,'home','index','2010-07-19 16:35:38','2010-07-19 16:35:38'),(384,6,'session','destroy','2010-07-19 16:35:41','2010-07-19 16:35:41'),(385,0,'home','index','2010-07-19 16:35:41','2010-07-19 16:35:41'),(386,0,'session','new','2010-07-19 16:35:41','2010-07-19 16:35:41'),(387,0,'session','create','2010-07-19 17:10:02','2010-07-19 17:10:02'),(388,0,'session','create','2010-07-19 17:27:36','2010-07-19 17:27:36'),(389,3,'home','index','2010-07-19 17:27:36','2010-07-19 17:27:36'),(390,3,'session','destroy','2010-07-19 17:27:39','2010-07-19 17:27:39'),(391,0,'home','index','2010-07-19 17:27:40','2010-07-19 17:27:40'),(392,0,'session','new','2010-07-19 17:27:40','2010-07-19 17:27:40'),(393,0,'session','new','2010-07-19 17:30:43','2010-07-19 17:30:43'),(394,0,'home','index','2010-07-19 17:30:47','2010-07-19 17:30:47'),(395,0,'session','new','2010-07-19 17:30:47','2010-07-19 17:30:47'),(396,0,'session','new','2010-07-19 17:31:19','2010-07-19 17:31:19'),(397,0,'session','create','2010-07-19 17:31:23','2010-07-19 17:31:23'),(398,1,'home','index','2010-07-19 17:31:23','2010-07-19 17:31:23'),(399,1,'session','destroy','2010-07-19 17:31:28','2010-07-19 17:31:28'),(400,0,'home','index','2010-07-19 17:31:29','2010-07-19 17:31:29'),(401,0,'session','new','2010-07-19 17:31:29','2010-07-19 17:31:29'),(402,0,'session','new','2010-07-19 17:34:20','2010-07-19 17:34:20'),(403,0,'session','create','2010-07-19 17:34:24','2010-07-19 17:34:24'),(404,0,'session','create','2010-07-19 17:34:38','2010-07-19 17:34:38'),(405,0,'session','new','2010-07-19 17:40:24','2010-07-19 17:40:24'),(406,0,'session','create','2010-07-19 17:40:28','2010-07-19 17:40:28'),(407,0,'session','new','2010-07-19 17:40:46','2010-07-19 17:40:46'),(408,0,'session','create','2010-07-19 17:40:52','2010-07-19 17:40:52'),(409,0,'session','create','2010-07-19 17:41:13','2010-07-19 17:41:13'),(410,0,'session','create','2010-07-19 17:41:36','2010-07-19 17:41:36'),(411,0,'session','create','2010-07-19 17:41:40','2010-07-19 17:41:40'),(412,0,'session','create','2010-07-19 17:43:06','2010-07-19 17:43:06'),(413,0,'session','create','2010-07-19 17:58:13','2010-07-19 17:58:13'),(414,0,'session','create','2010-07-19 17:58:28','2010-07-19 17:58:28'),(415,0,'session','create','2010-07-19 17:59:12','2010-07-19 17:59:12'),(416,1,'home','index','2010-07-19 17:59:13','2010-07-19 17:59:13'),(417,1,'session','destroy','2010-07-19 17:59:41','2010-07-19 17:59:41'),(418,0,'home','index','2010-07-19 17:59:42','2010-07-19 17:59:42'),(419,0,'session','new','2010-07-19 17:59:42','2010-07-19 17:59:42'),(420,0,'session','create','2010-07-19 17:59:49','2010-07-19 17:59:49'),(421,3,'home','index','2010-07-19 17:59:49','2010-07-19 17:59:49'),(422,3,'privacy_friends','new','2010-07-19 17:59:54','2010-07-19 17:59:54'),(423,3,'privacy_friends','allow','2010-07-19 18:00:16','2010-07-19 18:00:16'),(424,3,'privacy_friends','show','2010-07-19 18:00:16','2010-07-19 18:00:16'),(425,3,'session','destroy','2010-07-19 18:00:20','2010-07-19 18:00:20'),(426,0,'home','index','2010-07-19 18:00:20','2010-07-19 18:00:20'),(427,0,'session','new','2010-07-19 18:00:20','2010-07-19 18:00:20'),(428,0,'session','create','2010-07-19 18:00:33','2010-07-19 18:00:33'),(429,1,'home','index','2010-07-19 18:00:33','2010-07-19 18:00:33'),(430,1,'privacy_friends','new','2010-07-19 18:00:39','2010-07-19 18:00:39'),(431,1,'privacy_friends','new','2010-07-19 18:01:37','2010-07-19 18:01:37'),(432,1,'home','index','2010-07-19 18:01:40','2010-07-19 18:01:40'),(433,1,'privacy_friends','new','2010-07-19 18:01:47','2010-07-19 18:01:47'),(434,1,'privacy_friends','new','2010-07-19 18:02:22','2010-07-19 18:02:22'),(435,1,'home','index','2010-07-19 18:02:25','2010-07-19 18:02:25'),(436,1,'home','index','2010-07-19 18:02:43','2010-07-19 18:02:43'),(437,1,'home','index','2010-07-19 18:02:47','2010-07-19 18:02:47'),(438,1,'home','index','2010-07-19 18:03:00','2010-07-19 18:03:00'),(439,1,'privacy_friends','new','2010-07-19 18:03:04','2010-07-19 18:03:04'),(440,1,'home','index','2010-07-19 18:05:40','2010-07-19 18:05:40'),(441,1,'home','index','2010-07-19 21:01:59','2010-07-19 21:01:59'),(442,1,'home','index','2010-07-19 21:02:14','2010-07-19 21:02:14'),(443,1,'home','index','2010-07-19 21:02:41','2010-07-19 21:02:41'),(444,1,'privacy_friends','new','2010-07-19 21:03:27','2010-07-19 21:03:27'),(445,1,'users','show','2010-07-19 21:03:29','2010-07-19 21:03:29'),(446,1,'home','index','2010-07-19 21:03:31','2010-07-19 21:03:31'),(447,1,'home','index','2010-07-19 21:04:58','2010-07-19 21:04:58'),(448,1,'home','index','2010-07-19 21:05:58','2010-07-19 21:05:58'),(449,1,'home','index','2010-07-19 21:06:22','2010-07-19 21:06:22'),(450,1,'home','index','2010-07-19 21:06:36','2010-07-19 21:06:36'),(451,1,'home','index','2010-07-19 21:06:54','2010-07-19 21:06:54'),(452,1,'home','index','2010-07-19 21:07:49','2010-07-19 21:07:49'),(453,1,'home','index','2010-07-19 21:08:04','2010-07-19 21:08:04'),(454,1,'home','index','2010-07-19 21:08:24','2010-07-19 21:08:24'),(455,1,'home','index','2010-07-19 21:08:38','2010-07-19 21:08:38'),(456,1,'home','index','2010-07-19 21:08:47','2010-07-19 21:08:47'),(457,1,'home','index','2010-07-19 21:09:00','2010-07-19 21:09:00'),(458,1,'home','index','2010-07-19 21:09:09','2010-07-19 21:09:09'),(459,1,'home','index','2010-07-19 21:09:43','2010-07-19 21:09:43'),(460,1,'home','index','2010-07-19 21:10:02','2010-07-19 21:10:02'),(461,1,'home','index','2010-07-19 21:10:10','2010-07-19 21:10:10'),(462,1,'home','index','2010-07-19 21:10:39','2010-07-19 21:10:39'),(463,1,'home','index','2010-07-19 21:10:55','2010-07-19 21:10:55'),(464,1,'home','index','2010-07-19 21:11:08','2010-07-19 21:11:08'),(465,1,'home','index','2010-07-19 21:11:14','2010-07-19 21:11:14'),(466,1,'home','index','2010-07-19 21:11:44','2010-07-19 21:11:44'),(467,1,'home','index','2010-07-19 21:11:56','2010-07-19 21:11:56'),(468,1,'home','index','2010-07-19 21:12:15','2010-07-19 21:12:15'),(469,1,'home','index','2010-07-19 21:12:21','2010-07-19 21:12:21'),(470,1,'home','index','2010-07-19 21:12:34','2010-07-19 21:12:34'),(471,1,'home','index','2010-07-19 21:12:39','2010-07-19 21:12:39'),(472,1,'home','index','2010-07-19 21:12:45','2010-07-19 21:12:45'),(473,1,'home','index','2010-07-19 21:13:13','2010-07-19 21:13:13'),(474,1,'home','index','2010-07-19 21:13:19','2010-07-19 21:13:19'),(475,1,'home','index','2010-07-19 21:13:26','2010-07-19 21:13:26'),(476,1,'home','index','2010-07-19 21:13:33','2010-07-19 21:13:33'),(477,0,'session','new','2010-07-20 11:13:15','2010-07-20 11:13:15'),(478,0,'session','create','2010-07-20 11:13:25','2010-07-20 11:13:25'),(479,0,'session','create','2010-07-20 11:20:29','2010-07-20 11:20:29'),(480,0,'session','create','2010-07-20 11:22:15','2010-07-20 11:22:15'),(481,0,'session','create','2010-07-20 11:22:41','2010-07-20 11:22:41'),(482,0,'session','create','2010-07-20 11:23:08','2010-07-20 11:23:08'),(483,0,'session','create','2010-07-20 11:25:46','2010-07-20 11:25:46'),(484,1,'home','index','2010-07-20 11:25:47','2010-07-20 11:25:47'),(485,1,'home','index','2010-07-20 12:00:47','2010-07-20 12:00:47'),(486,1,'home','index','2010-07-20 12:01:28','2010-07-20 12:01:28'),(487,1,'home','index','2010-07-20 12:02:13','2010-07-20 12:02:13'),(488,1,'home','index','2010-07-20 12:02:21','2010-07-20 12:02:21'),(489,1,'home','index','2010-07-20 12:02:34','2010-07-20 12:02:34'),(490,1,'privacy_friends','new','2010-07-20 12:02:58','2010-07-20 12:02:58'),(491,1,'privacy_friends','allow','2010-07-20 12:04:02','2010-07-20 12:04:02'),(492,1,'privacy_friends','new','2010-07-20 12:04:22','2010-07-20 12:04:22'),(493,1,'privacy_friends','destroy','2010-07-20 12:04:31','2010-07-20 12:04:31'),(494,1,'privacy_friends','new','2010-07-20 12:04:31','2010-07-20 12:04:31'),(495,1,'users','show','2010-07-20 12:04:38','2010-07-20 12:04:38'),(496,1,'home','index','2010-07-20 12:04:42','2010-07-20 12:04:42'),(497,1,'privacy_friends','new','2010-07-20 12:04:45','2010-07-20 12:04:45'),(498,1,'session','destroy','2010-07-20 12:15:12','2010-07-20 12:15:12'),(499,0,'home','index','2010-07-20 12:15:12','2010-07-20 12:15:12'),(500,0,'session','new','2010-07-20 12:15:12','2010-07-20 12:15:12'),(501,0,'session','create','2010-07-20 12:15:19','2010-07-20 12:15:19'),(502,6,'home','index','2010-07-20 12:15:19','2010-07-20 12:15:19'),(503,6,'privacy_friends','new','2010-07-20 12:15:22','2010-07-20 12:15:22'),(504,6,'users','public_users','2010-07-20 12:15:29','2010-07-20 12:15:29'),(505,6,'users','public_users','2010-07-20 12:15:30','2010-07-20 12:15:30'),(506,6,'privacy_friends','create','2010-07-20 12:15:49','2010-07-20 12:15:49'),(507,6,'privacy_friends','new','2010-07-20 12:15:49','2010-07-20 12:15:49'),(508,6,'privacy_friends','destroy','2010-07-20 12:15:55','2010-07-20 12:15:55'),(509,6,'privacy_friends','new','2010-07-20 12:15:55','2010-07-20 12:15:55'),(510,6,'users','show','2010-07-20 12:17:55','2010-07-20 12:17:55'),(511,6,'privacy_friends','new','2010-07-20 12:17:57','2010-07-20 12:17:57'),(512,6,'users','public_users','2010-07-20 12:18:52','2010-07-20 12:18:52'),(513,6,'users','public_users','2010-07-20 12:18:53','2010-07-20 12:18:53'),(514,6,'privacy_friends','create','2010-07-20 12:18:56','2010-07-20 12:18:56'),(515,6,'privacy_friends','new','2010-07-20 12:18:56','2010-07-20 12:18:56'),(516,6,'privacy_friends','new','2010-07-20 12:19:34','2010-07-20 12:19:34'),(517,6,'privacy_friends','new','2010-07-20 12:19:46','2010-07-20 12:19:46'),(518,6,'users','public_users','2010-07-20 12:19:51','2010-07-20 12:19:51'),(519,6,'users','public_users','2010-07-20 12:19:55','2010-07-20 12:19:55'),(520,6,'privacy_friends','create','2010-07-20 12:19:58','2010-07-20 12:19:58'),(521,6,'privacy_friends','new','2010-07-20 12:19:58','2010-07-20 12:19:58'),(522,6,'users','show','2010-07-20 14:48:01','2010-07-20 14:48:01'),(523,6,'privacy_friends','new','2010-07-20 14:48:04','2010-07-20 14:48:04'),(524,6,'users','public_users','2010-07-20 14:48:09','2010-07-20 14:48:09'),(525,6,'users','public_users','2010-07-20 14:48:09','2010-07-20 14:48:09'),(526,6,'users','public_users','2010-07-20 14:48:12','2010-07-20 14:48:12'),(527,6,'users','public_users','2010-07-20 14:48:13','2010-07-20 14:48:13'),(528,6,'users','public_users','2010-07-20 14:48:15','2010-07-20 14:48:15'),(529,6,'users','public_users','2010-07-20 14:48:16','2010-07-20 14:48:16'),(530,6,'users','public_users','2010-07-20 14:48:17','2010-07-20 14:48:17'),(531,6,'privacy_friends','create','2010-07-20 14:48:24','2010-07-20 14:48:24'),(532,6,'privacy_friends','new','2010-07-20 14:48:24','2010-07-20 14:48:24'),(533,6,'session','destroy','2010-07-20 14:48:28','2010-07-20 14:48:28'),(534,0,'home','index','2010-07-20 14:48:28','2010-07-20 14:48:28'),(535,0,'session','new','2010-07-20 14:48:28','2010-07-20 14:48:28'),(536,0,'session','create','2010-07-20 14:48:33','2010-07-20 14:48:33'),(537,1,'home','index','2010-07-20 14:48:33','2010-07-20 14:48:33'),(538,1,'privacy_friends','new','2010-07-20 14:48:50','2010-07-20 14:48:50'),(539,1,'privacy_friends','allow','2010-07-20 15:12:03','2010-07-20 15:12:03'),(540,1,'privacy_friends','new','2010-07-20 15:12:03','2010-07-20 15:12:03'),(541,1,'privacy_friends','new','2010-07-20 15:13:44','2010-07-20 15:13:44'),(542,1,'session','destroy','2010-07-20 15:13:48','2010-07-20 15:13:48'),(543,0,'home','index','2010-07-20 15:13:48','2010-07-20 15:13:48'),(544,0,'session','new','2010-07-20 15:13:48','2010-07-20 15:13:48'),(545,0,'session','create','2010-07-20 15:13:55','2010-07-20 15:13:55'),(546,0,'session','create','2010-07-20 15:16:10','2010-07-20 15:16:10'),(547,1,'home','index','2010-07-20 15:16:10','2010-07-20 15:16:10'),(548,1,'session','destroy','2010-07-20 15:16:16','2010-07-20 15:16:16'),(549,0,'home','index','2010-07-20 15:16:16','2010-07-20 15:16:16'),(550,0,'session','new','2010-07-20 15:16:17','2010-07-20 15:16:17'),(551,0,'session','create','2010-07-20 15:16:23','2010-07-20 15:16:23'),(552,0,'session','create','2010-07-20 15:16:28','2010-07-20 15:16:28'),(553,0,'session','create','2010-07-20 15:20:36','2010-07-20 15:20:36'),(554,0,'session','create','2010-07-20 15:20:42','2010-07-20 15:20:42'),(555,0,'session','create','2010-07-20 15:20:53','2010-07-20 15:20:53'),(556,4,'home','index','2010-07-20 15:20:53','2010-07-20 15:20:53'),(557,4,'privacy_friends','new','2010-07-20 15:20:56','2010-07-20 15:20:56'),(558,4,'home','index','2010-07-20 15:21:05','2010-07-20 15:21:05'),(559,4,'privacy_friends','new','2010-07-20 15:22:00','2010-07-20 15:22:00'),(560,4,'privacy_friends','allow','2010-07-20 15:22:04','2010-07-20 15:22:04'),(561,4,'privacy_friends','new','2010-07-20 15:22:04','2010-07-20 15:22:04'),(562,4,'privacy_friends','new','2010-07-20 15:35:55','2010-07-20 15:35:55'),(563,4,'users','public_users','2010-07-20 15:36:01','2010-07-20 15:36:01'),(564,4,'users','public_users','2010-07-20 15:36:02','2010-07-20 15:36:02'),(565,4,'users','public_users','2010-07-20 15:36:03','2010-07-20 15:36:03'),(566,4,'privacy_friends','create','2010-07-20 15:36:15','2010-07-20 15:36:15'),(567,4,'privacy_friends','new','2010-07-20 15:36:16','2010-07-20 15:36:16'),(568,4,'privacy_friends','create','2010-07-20 15:36:19','2010-07-20 15:36:19'),(569,4,'privacy_friends','new','2010-07-20 15:36:20','2010-07-20 15:36:20'),(570,4,'privacy_friends','new','2010-07-20 15:37:14','2010-07-20 15:37:14'),(571,4,'users','public_users','2010-07-20 15:41:34','2010-07-20 15:41:34'),(572,4,'users','public_users','2010-07-20 15:41:35','2010-07-20 15:41:35'),(573,4,'privacy_friends','create','2010-07-20 15:41:39','2010-07-20 15:41:39'),(574,4,'privacy_friends','new','2010-07-20 15:41:39','2010-07-20 15:41:39'),(575,4,'privacy_friends','new','2010-07-20 15:42:46','2010-07-20 15:42:46'),(576,4,'users','public_users','2010-07-20 15:42:50','2010-07-20 15:42:50'),(577,4,'privacy_friends','create','2010-07-20 15:42:53','2010-07-20 15:42:53'),(578,4,'users','public_users','2010-07-20 15:43:50','2010-07-20 15:43:50'),(579,4,'privacy_friends','create','2010-07-20 15:43:54','2010-07-20 15:43:54'),(580,4,'privacy_friends','new','2010-07-20 15:43:54','2010-07-20 15:43:54'),(581,4,'users','public_users','2010-07-20 15:45:55','2010-07-20 15:45:55'),(582,4,'privacy_friends','create','2010-07-20 15:45:58','2010-07-20 15:45:58'),(583,4,'privacy_friends','new5','2010-07-20 15:45:58','2010-07-20 15:45:58'),(584,4,'privacy_friends','new5','2010-07-20 15:47:20','2010-07-20 15:47:20'),(585,4,'users','public_users','2010-07-20 15:47:25','2010-07-20 15:47:25'),(586,4,'users','public_users','2010-07-20 15:47:27','2010-07-20 15:47:27'),(587,4,'users','public_users','2010-07-20 15:47:30','2010-07-20 15:47:30'),(588,4,'privacy_friends','create','2010-07-20 15:47:33','2010-07-20 15:47:33'),(589,4,'privacy_friends','new5','2010-07-20 15:47:33','2010-07-20 15:47:33'),(590,4,'privacy_friends','new5','2010-07-20 15:47:50','2010-07-20 15:47:50'),(591,4,'users','public_users','2010-07-20 15:47:55','2010-07-20 15:47:55'),(592,4,'users','public_users','2010-07-20 15:47:56','2010-07-20 15:47:56'),(593,4,'privacy_friends','create','2010-07-20 15:47:58','2010-07-20 15:47:58'),(594,4,'privacy_friends','new','2010-07-20 15:47:58','2010-07-20 15:47:58'),(595,4,'privacy_friends','destroy','2010-07-20 15:48:31','2010-07-20 15:48:31'),(596,4,'privacy_friends','new','2010-07-20 15:48:32','2010-07-20 15:48:32'),(597,4,'users','public_users','2010-07-20 15:48:37','2010-07-20 15:48:37'),(598,4,'privacy_friends','create','2010-07-20 15:48:40','2010-07-20 15:48:40'),(599,4,'privacy_friends','new','2010-07-20 15:48:40','2010-07-20 15:48:40'),(600,4,'session','destroy','2010-07-20 15:48:46','2010-07-20 15:48:46'),(601,0,'home','index','2010-07-20 15:48:46','2010-07-20 15:48:46'),(602,0,'session','new','2010-07-20 15:48:47','2010-07-20 15:48:47'),(603,0,'session','create','2010-07-20 15:48:52','2010-07-20 15:48:52'),(604,1,'home','index','2010-07-20 15:48:53','2010-07-20 15:48:53'),(605,1,'home','index','2010-07-20 15:49:19','2010-07-20 15:49:19'),(606,1,'privacy_friends','new','2010-07-20 15:49:22','2010-07-20 15:49:22'),(607,1,'privacy_friends','allow','2010-07-20 15:49:27','2010-07-20 15:49:27'),(608,1,'privacy_friends','new','2010-07-20 15:49:28','2010-07-20 15:49:28'),(609,1,'privacy_friends','new','2010-07-20 15:50:41','2010-07-20 15:50:41'),(610,1,'users','public_users','2010-07-20 15:50:46','2010-07-20 15:50:46'),(611,1,'users','public_users','2010-07-20 15:50:47','2010-07-20 15:50:47'),(612,1,'users','public_users','2010-07-20 15:50:48','2010-07-20 15:50:48'),(613,1,'users','public_users','2010-07-20 15:50:50','2010-07-20 15:50:50'),(614,1,'privacy_friends','create','2010-07-20 15:50:53','2010-07-20 15:50:53'),(615,1,'privacy_friends','new','2010-07-20 15:50:53','2010-07-20 15:50:53'),(616,1,'courses','index','2010-07-20 16:17:35','2010-07-20 16:17:35'),(617,1,'course_images','show','2010-07-20 16:17:36','2010-07-20 16:17:36'),(618,1,'matches','index','2010-07-20 16:17:38','2010-07-20 16:17:38'),(619,1,'matches','index','2010-07-20 16:17:40','2010-07-20 16:17:40'),(620,1,'home','index','2010-07-20 16:17:41','2010-07-20 16:17:41'),(621,1,'privacy_friends','new','2010-07-20 16:17:44','2010-07-20 16:17:44'),(622,1,'users','show','2010-07-20 16:17:48','2010-07-20 16:17:48'),(623,1,'charts','pie_courses','2010-07-20 16:18:01','2010-07-20 16:18:01'),(624,1,'courses','index','2010-07-20 16:18:03','2010-07-20 16:18:03'),(625,1,'course_images','show','2010-07-20 16:18:04','2010-07-20 16:18:04'),(626,1,'matches','index','2010-07-20 16:18:07','2010-07-20 16:18:07'),(627,1,'matches','index','2010-07-20 16:18:08','2010-07-20 16:18:08'),(628,1,'home','index','2010-07-20 16:18:10','2010-07-20 16:18:10'),(629,0,'home','index','2010-07-20 16:19:16','2010-07-20 16:19:16'),(630,0,'session','new','2010-07-20 16:19:16','2010-07-20 16:19:16'),(631,1,'session','destroy','2010-07-20 16:19:28','2010-07-20 16:19:28'),(632,0,'home','index','2010-07-20 16:19:28','2010-07-20 16:19:28'),(633,0,'session','new','2010-07-20 16:19:28','2010-07-20 16:19:28'),(634,0,'session','new','2010-07-20 16:20:12','2010-07-20 16:20:12'),(635,0,'session','new','2010-07-20 16:20:26','2010-07-20 16:20:26'),(636,0,'session','new','2010-07-20 16:20:30','2010-07-20 16:20:30'),(637,0,'session','new','2010-07-20 16:21:58','2010-07-20 16:21:58'),(638,0,'session','new','2010-07-20 16:21:59','2010-07-20 16:21:59'),(639,0,'session','new','2010-07-20 16:22:01','2010-07-20 16:22:01'),(640,0,'session','new','2010-07-20 16:22:07','2010-07-20 16:22:07'),(641,0,'session','create','2010-07-20 16:22:12','2010-07-20 16:22:12'),(642,0,'users','create','2010-07-20 16:22:39','2010-07-20 16:22:39'),(643,8,'home','index','2010-07-20 16:22:39','2010-07-20 16:22:39'),(644,8,'session','destroy','2010-07-20 16:22:43','2010-07-20 16:22:43'),(645,0,'home','index','2010-07-20 16:22:43','2010-07-20 16:22:43'),(646,0,'session','new','2010-07-20 16:22:43','2010-07-20 16:22:43'),(647,0,'session','create','2010-07-20 16:22:46','2010-07-20 16:22:46'),(648,1,'home','index','2010-07-20 16:22:46','2010-07-20 16:22:46'),(649,0,'session','create','2010-07-20 16:22:52','2010-07-20 16:22:52'),(650,1,'home','index','2010-07-20 16:22:52','2010-07-20 16:22:52'),(651,1,'courses','index','2010-07-20 16:25:20','2010-07-20 16:25:20'),(652,1,'course_images','show','2010-07-20 16:25:21','2010-07-20 16:25:21'),(653,1,'home','index','2010-07-20 16:25:23','2010-07-20 16:25:23'),(654,1,'matches','index','2010-07-20 16:25:35','2010-07-20 16:25:35'),(655,1,'matches','index','2010-07-20 16:25:36','2010-07-20 16:25:36'),(656,1,'home','index','2010-07-20 16:25:38','2010-07-20 16:25:38'),(657,1,'courses','index','2010-07-20 16:25:48','2010-07-20 16:25:48'),(658,1,'course_images','show','2010-07-20 16:25:48','2010-07-20 16:25:48'),(659,1,'home','index','2010-07-20 16:25:50','2010-07-20 16:25:50'),(660,1,'matches','index','2010-07-20 16:25:53','2010-07-20 16:25:53'),(661,1,'matches','index','2010-07-20 16:25:53','2010-07-20 16:25:53'),(662,1,'home','index','2010-07-20 16:25:55','2010-07-20 16:25:55'),(663,1,'matches','index','2010-07-20 16:26:01','2010-07-20 16:26:01'),(664,1,'matches','index','2010-07-20 16:26:02','2010-07-20 16:26:02'),(665,1,'matches','index','2010-07-20 16:26:09','2010-07-20 16:26:09'),(666,1,'matches','index','2010-07-20 16:26:10','2010-07-20 16:26:10'),(667,1,'home','index','2010-07-20 16:26:12','2010-07-20 16:26:12'),(668,1,'matches','index','2010-07-20 16:26:18','2010-07-20 16:26:18'),(669,1,'matches','index','2010-07-20 16:26:20','2010-07-20 16:26:20'),(670,1,'matches','index','2010-07-20 16:27:01','2010-07-20 16:27:01'),(671,1,'matches','index','2010-07-20 16:27:03','2010-07-20 16:27:03'),(672,1,'players','index','2010-07-20 16:27:07','2010-07-20 16:27:07'),(673,1,'matches','index','2010-07-20 16:27:31','2010-07-20 16:27:31'),(674,1,'matches','index','2010-07-20 16:27:33','2010-07-20 16:27:33'),(675,0,'session','new','2010-07-20 16:27:42','2010-07-20 16:27:42'),(676,0,'session','create','2010-07-20 16:27:55','2010-07-20 16:27:55'),(677,1,'home','index','2010-07-20 16:27:56','2010-07-20 16:27:56'),(678,1,'matches','index','2010-07-20 16:28:31','2010-07-20 16:28:31'),(679,1,'matches','index','2010-07-20 16:28:32','2010-07-20 16:28:32'),(680,1,'home','index','2010-07-20 16:28:35','2010-07-20 16:28:35'),(681,1,'home','index','2010-07-20 16:28:38','2010-07-20 16:28:38'),(682,1,'home','index','2010-07-20 16:28:51','2010-07-20 16:28:51'),(683,1,'matches','index','2010-07-20 16:28:55','2010-07-20 16:28:55'),(684,1,'matches','index','2010-07-20 16:28:56','2010-07-20 16:28:56'),(685,1,'privacy_friends','new','2010-07-20 16:29:29','2010-07-20 16:29:29'),(686,1,'home','index','2010-07-20 16:29:32','2010-07-20 16:29:32'),(687,1,'matches','index','2010-07-20 16:29:48','2010-07-20 16:29:48'),(688,1,'matches','index','2010-07-20 16:29:49','2010-07-20 16:29:49'),(689,1,'matches','index','2010-07-20 16:29:53','2010-07-20 16:29:53'),(690,1,'matches','index','2010-07-20 16:29:54','2010-07-20 16:29:54'),(691,1,'home','index','2010-07-20 16:29:58','2010-07-20 16:29:58'),(692,1,'courses','index','2010-07-20 16:32:21','2010-07-20 16:32:21'),(693,1,'course_images','show','2010-07-20 16:32:22','2010-07-20 16:32:22'),(694,1,'home','index','2010-07-20 16:32:26','2010-07-20 16:32:26'),(695,1,'matches','index','2010-07-20 16:32:28','2010-07-20 16:32:28'),(696,1,'matches','index','2010-07-20 16:32:29','2010-07-20 16:32:29'),(697,1,'home','index','2010-07-20 16:32:30','2010-07-20 16:32:30'),(698,1,'matches','index','2010-07-20 16:33:33','2010-07-20 16:33:33'),(699,1,'matches','index','2010-07-20 16:33:34','2010-07-20 16:33:34'),(700,1,'home','index','2010-07-20 16:33:35','2010-07-20 16:33:35'),(701,1,'home','index','2010-07-20 16:33:45','2010-07-20 16:33:45'),(702,0,'session','destroy','2010-07-20 16:34:01','2010-07-20 16:34:01'),(703,0,'home','index','2010-07-20 16:34:01','2010-07-20 16:34:01'),(704,0,'session','new','2010-07-20 16:34:01','2010-07-20 16:34:01'),(705,0,'home','index','2010-07-20 16:35:22','2010-07-20 16:35:22'),(706,0,'session','new','2010-07-20 16:35:22','2010-07-20 16:35:22'),(707,0,'session','create','2010-07-20 16:35:31','2010-07-20 16:35:31'),(708,1,'home','index','2010-07-20 16:35:31','2010-07-20 16:35:31'),(709,1,'home','index','2010-07-20 16:35:40','2010-07-20 16:35:40'),(710,1,'matches','index','2010-07-20 16:35:51','2010-07-20 16:35:51'),(711,1,'matches','index','2010-07-20 16:35:54','2010-07-20 16:35:54'),(712,1,'home','index','2010-07-20 16:35:56','2010-07-20 16:35:56'),(713,1,'home','index','2010-07-20 16:36:38','2010-07-20 16:36:38'),(714,1,'home','index','2010-07-20 16:37:00','2010-07-20 16:37:00'),(715,1,'home','index','2010-07-20 16:37:04','2010-07-20 16:37:04'),(716,1,'home','index','2010-07-20 16:37:42','2010-07-20 16:37:42'),(717,1,'home','index','2010-07-20 16:38:05','2010-07-20 16:38:05'),(718,1,'home','index','2010-07-20 16:38:53','2010-07-20 16:38:53'),(719,1,'home','index','2010-07-20 16:39:18','2010-07-20 16:39:18'),(720,1,'home','index','2010-07-20 16:39:40','2010-07-20 16:39:40'),(721,1,'home','index','2010-07-20 16:39:47','2010-07-20 16:39:47'),(722,1,'home','index','2010-07-20 16:40:10','2010-07-20 16:40:10'),(723,1,'home','index','2010-07-20 16:40:33','2010-07-20 16:40:33'),(724,1,'home','index','2010-07-20 16:40:51','2010-07-20 16:40:51'),(725,1,'home','index','2010-07-20 16:41:29','2010-07-20 16:41:29'),(726,1,'home','index','2010-07-20 16:42:25','2010-07-20 16:42:25'),(727,1,'home','index','2010-07-20 16:42:43','2010-07-20 16:42:43'),(728,1,'home','index','2010-07-20 16:43:04','2010-07-20 16:43:04'),(729,1,'home','index','2010-07-20 16:43:40','2010-07-20 16:43:40'),(730,1,'home','index','2010-07-20 16:43:47','2010-07-20 16:43:47'),(731,1,'home','index','2010-07-20 16:43:54','2010-07-20 16:43:54'),(732,1,'matches','index','2010-07-20 16:44:10','2010-07-20 16:44:10'),(733,1,'matches','index','2010-07-20 16:44:11','2010-07-20 16:44:11'),(734,1,'home','index','2010-07-20 16:44:36','2010-07-20 16:44:36'),(735,1,'matches','index','2010-07-20 16:44:40','2010-07-20 16:44:40'),(736,1,'matches','index','2010-07-20 16:44:42','2010-07-20 16:44:42'),(737,1,'home','index','2010-07-20 16:44:48','2010-07-20 16:44:48'),(738,1,'matches','index','2010-07-20 16:44:51','2010-07-20 16:44:51'),(739,1,'matches','index','2010-07-20 16:44:53','2010-07-20 16:44:53'),(740,1,'matches','index','2010-07-20 16:44:58','2010-07-20 16:44:58'),(741,1,'matches','index','2010-07-20 16:44:59','2010-07-20 16:44:59'),(742,1,'matches','index','2010-07-20 16:45:00','2010-07-20 16:45:00'),(743,1,'matches','index','2010-07-20 16:45:02','2010-07-20 16:45:02'),(744,1,'matches','index','2010-07-20 16:45:06','2010-07-20 16:45:06'),(745,1,'matches','index','2010-07-20 16:45:07','2010-07-20 16:45:07'),(746,1,'matches','index','2010-07-20 16:45:08','2010-07-20 16:45:08'),(747,1,'matches','index','2010-07-20 16:45:09','2010-07-20 16:45:09'),(748,1,'players','index','2010-07-20 16:45:38','2010-07-20 16:45:38'),(749,1,'players','index','2010-07-20 16:45:40','2010-07-20 16:45:40'),(750,1,'players','index','2010-07-20 16:45:43','2010-07-20 16:45:43'),(751,1,'courses','find_like_by_name','2010-07-20 16:45:51','2010-07-20 16:45:51'),(752,1,'courses','find_like_by_name','2010-07-20 16:45:51','2010-07-20 16:45:51'),(753,1,'courses','find_like_by_name','2010-07-20 16:45:57','2010-07-20 16:45:57'),(754,1,'matches','index','2010-07-20 16:46:00','2010-07-20 16:46:00'),(755,1,'matches','index','2010-07-20 16:46:01','2010-07-20 16:46:01'),(756,1,'courses','find_like_by_name','2010-07-20 16:46:04','2010-07-20 16:46:04'),(757,1,'matches','index','2010-07-20 16:46:07','2010-07-20 16:46:07'),(758,1,'matches','index','2010-07-20 16:46:07','2010-07-20 16:46:07'),(759,1,'courses','find_like_by_name','2010-07-20 16:46:10','2010-07-20 16:46:10'),(760,1,'courses','find_like_by_name','2010-07-20 16:46:11','2010-07-20 16:46:11'),(761,1,'matches','index','2010-07-20 16:46:12','2010-07-20 16:46:12'),(762,1,'matches','index','2010-07-20 16:46:13','2010-07-20 16:46:13'),(763,1,'matches','index','2010-07-20 16:46:15','2010-07-20 16:46:15'),(764,1,'matches','index','2010-07-20 16:46:17','2010-07-20 16:46:17'),(765,1,'courses','find_like_by_name','2010-07-20 16:46:19','2010-07-20 16:46:19'),(766,1,'matches','index','2010-07-20 16:46:21','2010-07-20 16:46:21'),(767,1,'matches','index','2010-07-20 16:46:23','2010-07-20 16:46:23'),(768,1,'matches','show','2010-07-20 16:46:43','2010-07-20 16:46:43'),(769,1,'course_images','show','2010-07-20 16:46:45','2010-07-20 16:46:45'),(770,1,'players','index','2010-07-20 16:46:45','2010-07-20 16:46:45'),(771,1,'matches','show','2010-07-20 16:46:49','2010-07-20 16:46:49'),(772,1,'course_images','show','2010-07-20 16:46:49','2010-07-20 16:46:49'),(773,1,'players','index','2010-07-20 16:46:50','2010-07-20 16:46:50'),(774,1,'matches','show','2010-07-20 16:46:52','2010-07-20 16:46:52'),(775,1,'course_images','show','2010-07-20 16:46:53','2010-07-20 16:46:53'),(776,1,'players','index','2010-07-20 16:46:53','2010-07-20 16:46:53'),(777,0,'home','index','2010-07-20 17:45:44','2010-07-20 17:45:44'),(778,1,'home','index','2010-07-20 17:45:51','2010-07-20 17:45:51'),(779,1,'session','new','2010-07-20 17:46:07','2010-07-20 17:46:07'),(780,1,'session','create','2010-07-20 17:47:17','2010-07-20 17:47:17'),(781,1,'home','index','2010-07-20 17:47:17','2010-07-20 17:47:17'),(782,0,'session','new','2010-07-21 09:39:44','2010-07-21 09:39:44'),(783,0,'session','create','2010-07-21 09:39:50','2010-07-21 09:39:50'),(784,1,'home','index','2010-07-21 09:39:51','2010-07-21 09:39:51'),(785,1,'home','index','2010-07-21 09:58:04','2010-07-21 09:58:04'),(786,1,'home','index','2010-07-21 10:04:25','2010-07-21 10:04:25'),(787,1,'home','index','2010-07-21 10:04:45','2010-07-21 10:04:45'),(788,1,'home','index','2010-07-21 10:05:15','2010-07-21 10:05:15'),(789,1,'home','index','2010-07-21 10:06:59','2010-07-21 10:06:59'),(790,1,'home','index','2010-07-21 10:16:59','2010-07-21 10:16:59'),(791,1,'home','index','2010-07-21 10:17:01','2010-07-21 10:17:01'),(792,1,'home','index','2010-07-21 10:17:14','2010-07-21 10:17:14'),(793,1,'home','index','2010-07-21 10:20:50','2010-07-21 10:20:50'),(794,1,'home','index','2010-07-21 10:28:37','2010-07-21 10:28:37'),(795,1,'home','index','2010-07-21 10:29:14','2010-07-21 10:29:14'),(796,1,'home','index','2010-07-21 10:30:34','2010-07-21 10:30:34'),(797,1,'home','index','2010-07-21 10:31:08','2010-07-21 10:31:08'),(798,1,'home','index','2010-07-21 10:32:10','2010-07-21 10:32:10'),(799,1,'home','index','2010-07-21 10:32:31','2010-07-21 10:32:31'),(800,1,'home','index','2010-07-21 10:33:01','2010-07-21 10:33:01'),(801,1,'home','index','2010-07-21 10:33:35','2010-07-21 10:33:35'),(802,1,'home','index','2010-07-21 10:39:47','2010-07-21 10:39:47'),(803,1,'home','index','2010-07-21 10:46:49','2010-07-21 10:46:49'),(804,1,'home','index','2010-07-21 10:47:04','2010-07-21 10:47:04'),(805,1,'home','index','2010-07-21 10:47:53','2010-07-21 10:47:53'),(806,1,'home','index','2010-07-21 10:48:35','2010-07-21 10:48:35'),(807,1,'home','index','2010-07-21 10:49:13','2010-07-21 10:49:13'),(808,1,'home','index','2010-07-21 10:52:32','2010-07-21 10:52:32'),(809,1,'home','index','2010-07-21 10:53:00','2010-07-21 10:53:00'),(810,1,'home','index','2010-07-21 11:13:05','2010-07-21 11:13:05'),(811,0,'home','index','2010-07-21 18:26:34','2010-07-21 18:26:34'),(812,0,'session','new','2010-07-21 18:26:35','2010-07-21 18:26:35'),(813,0,'session','new','2010-07-23 20:43:09','2010-07-23 20:43:09'),(814,0,'session','create','2010-07-23 20:44:12','2010-07-23 20:44:12'),(815,1,'home','index','2010-07-23 20:44:12','2010-07-23 20:44:12'),(816,1,'privacy_friends','new','2010-07-23 20:47:51','2010-07-23 20:47:51'),(817,1,'users','show','2010-07-23 20:47:56','2010-07-23 20:47:56'),(818,1,'privacy_friends','new','2010-07-23 20:48:00','2010-07-23 20:48:00'),(819,1,'privacy_friends','new','2010-07-23 20:50:18','2010-07-23 20:50:18'),(820,1,'home','index','2010-07-23 20:50:25','2010-07-23 20:50:25'),(821,1,'privacy_friends','new','2010-07-23 20:56:42','2010-07-23 20:56:42'),(822,1,'users','show','2010-07-23 20:56:45','2010-07-23 20:56:45'),(823,1,'users','show','2010-07-23 20:56:57','2010-07-23 20:56:57'),(824,1,'home','index','2010-07-23 20:57:01','2010-07-23 20:57:01'),(825,1,'home','index','2010-07-23 20:57:35','2010-07-23 20:57:35'),(826,1,'charts','pie_courses','2010-07-23 20:58:58','2010-07-23 20:58:58'),(827,1,'home','index','2010-07-23 21:00:07','2010-07-23 21:00:07'),(828,1,'home','index','2010-07-23 21:12:48','2010-07-23 21:12:48'),(829,1,'microsites','new','2010-07-23 21:13:01','2010-07-23 21:13:01'),(830,1,'microsites','new','2010-07-23 21:13:59','2010-07-23 21:13:59'),(831,1,'microsites','new','2010-07-23 21:14:29','2010-07-23 21:14:29'),(832,1,'microsites','new','2010-07-23 21:14:31','2010-07-23 21:14:31'),(833,1,'home','index','2010-07-23 21:14:38','2010-07-23 21:14:38'),(834,1,'microsites','show','2010-07-23 21:14:44','2010-07-23 21:14:44'),(835,1,'microsites','index','2010-07-23 21:14:51','2010-07-23 21:14:51'),(836,1,'microsites','index','2010-07-23 21:19:46','2010-07-23 21:19:46'),(837,1,'microsites','index','2010-07-23 21:19:48','2010-07-23 21:19:48'),(838,1,'microsites','index','2010-07-23 21:20:09','2010-07-23 21:20:09'),(839,1,'microsites','index','2010-07-23 21:20:58','2010-07-23 21:20:58'),(840,1,'microsites','index','2010-07-23 21:25:32','2010-07-23 21:25:32'),(841,1,'microsites','index','2010-07-23 21:25:49','2010-07-23 21:25:49'),(842,1,'microsites','index','2010-07-23 21:26:25','2010-07-23 21:26:25'),(843,1,'microsites','index','2010-07-23 21:26:57','2010-07-23 21:26:57'),(844,1,'microsites','index','2010-07-23 21:27:54','2010-07-23 21:27:54'),(845,1,'home','index','2010-07-23 21:27:58','2010-07-23 21:27:58'),(846,1,'microsites','index','2010-07-23 21:28:01','2010-07-23 21:28:01'),(847,0,'session','new','2010-07-24 17:01:40','2010-07-24 17:01:40'),(848,0,'session','create','2010-07-24 17:06:16','2010-07-24 17:06:16'),(849,1,'home','index','2010-07-24 17:06:17','2010-07-24 17:06:17'),(850,1,'microsites','index','2010-07-24 17:06:20','2010-07-24 17:06:20'),(851,1,'microsites','index','2010-07-24 17:06:43','2010-07-24 17:06:43'),(852,1,'microsites','index','2010-07-24 17:08:42','2010-07-24 17:08:42'),(853,1,'microsites','index','2010-07-24 17:09:47','2010-07-24 17:09:47'),(854,1,'microsites','index','2010-07-24 17:12:19','2010-07-24 17:12:19'),(855,1,'microsites','index','2010-07-24 17:12:58','2010-07-24 17:12:58'),(856,1,'microsites','index','2010-07-24 17:15:14','2010-07-24 17:15:14'),(857,1,'microsites','index','2010-07-24 17:17:46','2010-07-24 17:17:46'),(858,1,'microsites','index','2010-07-24 17:18:24','2010-07-24 17:18:24'),(859,1,'microsites','index','2010-07-24 17:19:44','2010-07-24 17:19:44'),(860,1,'microsites','index','2010-07-24 17:20:13','2010-07-24 17:20:13'),(861,1,'microsites','index','2010-07-24 17:22:55','2010-07-24 17:22:55'),(862,1,'home','index','2010-07-24 17:22:58','2010-07-24 17:22:58'),(863,1,'session','destroy','2010-07-24 17:23:02','2010-07-24 17:23:02'),(864,0,'home','index','2010-07-24 17:23:03','2010-07-24 17:23:03'),(865,0,'session','new','2010-07-24 17:23:03','2010-07-24 17:23:03'),(866,0,'session','create','2010-07-24 17:23:11','2010-07-24 17:23:11'),(867,0,'session','create','2010-07-24 17:23:19','2010-07-24 17:23:19'),(868,6,'home','index','2010-07-24 17:23:19','2010-07-24 17:23:19'),(869,6,'privacy_friends','new','2010-07-24 17:23:23','2010-07-24 17:23:23'),(870,6,'privacy_friends','destroy','2010-07-24 17:23:28','2010-07-24 17:23:28'),(871,6,'privacy_friends','new','2010-07-24 17:23:28','2010-07-24 17:23:28'),(872,6,'users','show','2010-07-24 17:23:35','2010-07-24 17:23:35'),(873,6,'home','index','2010-07-24 17:23:39','2010-07-24 17:23:39'),(874,6,'privacy_friends','new','2010-07-24 17:23:42','2010-07-24 17:23:42'),(875,6,'privacy_friends','destroy','2010-07-24 17:23:48','2010-07-24 17:23:48'),(876,6,'privacy_friends','new','2010-07-24 17:23:48','2010-07-24 17:23:48'),(877,6,'privacy_friends','new','2010-07-24 17:24:23','2010-07-24 17:24:23'),(878,6,'users','show','2010-07-24 17:24:25','2010-07-24 17:24:25'),(879,6,'home','index','2010-07-24 17:24:27','2010-07-24 17:24:27'),(880,6,'users','show','2010-07-24 17:24:31','2010-07-24 17:24:31'),(881,6,'privacy_friends','new','2010-07-24 17:24:33','2010-07-24 17:24:33'),(882,6,'privacy_friends','destroy','2010-07-24 17:25:39','2010-07-24 17:25:39'),(883,6,'privacy_friends','new','2010-07-24 17:25:40','2010-07-24 17:25:40'),(884,6,'privacy_friends','destroy','2010-07-24 17:25:46','2010-07-24 17:25:46'),(885,6,'privacy_friends','new','2010-07-24 17:25:46','2010-07-24 17:25:46'),(886,6,'privacy_friends','new','2010-07-24 17:25:54','2010-07-24 17:25:54'),(887,6,'home','index','2010-07-24 17:26:02','2010-07-24 17:26:02'),(888,6,'home','index','2010-07-24 17:28:41','2010-07-24 17:28:41'),(889,6,'home','index','2010-07-24 17:29:47','2010-07-24 17:29:47'),(890,6,'home','index','2010-07-24 17:30:07','2010-07-24 17:30:07'),(891,6,'home','index','2010-07-24 17:31:21','2010-07-24 17:31:21'),(892,6,'microsites','index','2010-07-24 17:31:27','2010-07-24 17:31:27'),(893,6,'session','destroy','2010-07-24 17:31:52','2010-07-24 17:31:52'),(894,0,'home','index','2010-07-24 17:31:52','2010-07-24 17:31:52'),(895,0,'session','new','2010-07-24 17:31:52','2010-07-24 17:31:52'),(896,0,'session','create','2010-07-24 17:31:58','2010-07-24 17:31:58'),(897,6,'home','index','2010-07-24 17:31:59','2010-07-24 17:31:59'),(898,6,'privacy_friends','new','2010-07-24 17:32:49','2010-07-24 17:32:49'),(899,6,'users','show','2010-07-24 17:32:56','2010-07-24 17:32:56'),(900,6,'home','index','2010-07-24 17:32:59','2010-07-24 17:32:59'),(901,6,'microsites','index','2010-07-24 17:33:05','2010-07-24 17:33:05'),(902,6,'microsites','index','2010-07-24 17:37:32','2010-07-24 17:37:32'),(903,6,'microsites','index','2010-07-24 17:37:57','2010-07-24 17:37:57'),(904,6,'microsites','index','2010-07-24 17:38:17','2010-07-24 17:38:17'),(905,6,'microsites','index','2010-07-24 17:38:34','2010-07-24 17:38:34'),(906,6,'microsites','index','2010-07-24 17:38:38','2010-07-24 17:38:38'),(907,6,'microsites','index','2010-07-24 17:38:52','2010-07-24 17:38:52'),(908,6,'microsites','index','2010-07-24 17:39:09','2010-07-24 17:39:09'),(909,6,'microsites','index','2010-07-24 17:41:43','2010-07-24 17:41:43'),(910,6,'microsites','index','2010-07-24 17:41:55','2010-07-24 17:41:55'),(911,6,'home','index','2010-07-24 17:42:54','2010-07-24 17:42:54'),(912,6,'session','destroy','2010-07-24 17:43:04','2010-07-24 17:43:04'),(913,0,'home','index','2010-07-24 17:43:04','2010-07-24 17:43:04'),(914,0,'session','destroy','2010-07-24 17:43:04','2010-07-24 17:43:04'),(915,0,'home','index','2010-07-24 17:43:05','2010-07-24 17:43:05'),(916,0,'session','new','2010-07-24 17:43:05','2010-07-24 17:43:05'),(917,0,'session','create','2010-07-24 17:43:10','2010-07-24 17:43:10'),(918,1,'home','index','2010-07-24 17:43:10','2010-07-24 17:43:10'),(919,1,'home','index','2010-07-24 17:47:29','2010-07-24 17:47:29'),(920,1,'home','index','2010-07-24 17:47:39','2010-07-24 17:47:39'),(921,1,'home','index','2010-07-24 17:47:42','2010-07-24 17:47:42'),(922,1,'home','index','2010-07-24 17:48:10','2010-07-24 17:48:10'),(923,1,'home','index','2010-07-24 17:49:10','2010-07-24 17:49:10'),(924,1,'home','index','2010-07-24 17:49:37','2010-07-24 17:49:37'),(925,1,'home','index','2010-07-24 17:49:41','2010-07-24 17:49:41'),(926,1,'matches','new','2010-07-24 17:49:45','2010-07-24 17:49:45'),(927,1,'home','index','2010-07-24 17:49:59','2010-07-24 17:49:59'),(928,1,'matches','index','2010-07-24 17:52:16','2010-07-24 17:52:16'),(929,1,'matches','index','2010-07-24 17:52:18','2010-07-24 17:52:18'),(930,1,'home','index','2010-07-24 17:52:30','2010-07-24 17:52:30'),(931,1,'matches','index','2010-07-24 17:52:33','2010-07-24 17:52:33'),(932,1,'matches','index','2010-07-24 17:52:35','2010-07-24 17:52:35'),(933,1,'home','index','2010-07-24 17:53:21','2010-07-24 17:53:21'),(934,1,'home','index','2010-07-24 17:53:54','2010-07-24 17:53:54'),(935,1,'charts','pie_courses','2010-07-24 17:53:59','2010-07-24 17:53:59'),(936,1,'home','index','2010-07-24 17:54:03','2010-07-24 17:54:03'),(937,1,'matches','index','2010-07-24 17:58:42','2010-07-24 17:58:42'),(938,1,'matches','index','2010-07-24 17:58:43','2010-07-24 17:58:43'),(939,1,'players','index','2010-07-24 17:58:49','2010-07-24 17:58:49'),(940,1,'players','index','2010-07-24 17:58:55','2010-07-24 17:58:55'),(941,1,'players','index','2010-07-24 17:58:58','2010-07-24 17:58:58'),(942,1,'home','index','2010-07-24 18:12:49','2010-07-24 18:12:49'),(943,1,'session','destroy','2010-07-24 18:12:57','2010-07-24 18:12:57'),(944,0,'home','index','2010-07-24 18:12:57','2010-07-24 18:12:57'),(945,0,'session','new','2010-07-24 18:12:57','2010-07-24 18:12:57'),(946,0,'session','create','2010-07-24 18:13:38','2010-07-24 18:13:38'),(947,2,'home','index','2010-07-24 18:13:38','2010-07-24 18:13:38'),(948,2,'matches','new','2010-07-24 18:13:50','2010-07-24 18:13:50'),(949,2,'courses','find_like_by_name','2010-07-24 18:13:57','2010-07-24 18:13:57'),(950,2,'matches','create','2010-07-24 18:15:16','2010-07-24 18:15:16'),(951,2,'matches','show','2010-07-24 18:15:17','2010-07-24 18:15:17'),(952,2,'players','index','2010-07-24 18:15:18','2010-07-24 18:15:18'),(953,2,'cards','new','2010-07-24 18:15:33','2010-07-24 18:15:33'),(954,2,'cards','new','2010-07-24 18:15:34','2010-07-24 18:15:34'),(955,2,'cards','create','2010-07-24 18:16:39','2010-07-24 18:16:39'),(956,2,'matches','show','2010-07-24 18:16:40','2010-07-24 18:16:40'),(957,2,'players','index','2010-07-24 18:16:42','2010-07-24 18:16:42'),(958,0,'session','new','2010-07-25 13:58:20','2010-07-25 13:58:20'),(959,0,'session','new','2010-07-25 14:09:44','2010-07-25 14:09:44'),(960,0,'session','new','2010-07-25 14:10:57','2010-07-25 14:10:57'),(961,0,'session','new','2010-07-25 14:11:20','2010-07-25 14:11:20'),(962,0,'session','create','2010-07-25 14:12:16','2010-07-25 14:12:16'),(963,1,'home','index','2010-07-25 14:12:16','2010-07-25 14:12:16'),(964,1,'privacy_friends','new','2010-07-25 14:14:53','2010-07-25 14:14:53'),(965,1,'users','show','2010-07-25 14:14:59','2010-07-25 14:14:59'),(966,1,'home','index','2010-07-25 14:15:06','2010-07-25 14:15:06'),(967,1,'home','index','2010-07-25 14:16:00','2010-07-25 14:16:00'),(968,1,'home','index','2010-07-25 14:16:27','2010-07-25 14:16:27'),(969,1,'home','index','2010-07-25 14:17:55','2010-07-25 14:17:55'),(970,1,'courses','index','2010-07-25 14:18:57','2010-07-25 14:18:57'),(971,1,'course_images','show','2010-07-25 14:18:57','2010-07-25 14:18:57'),(972,1,'home','index','2010-07-25 14:19:37','2010-07-25 14:19:37'),(973,1,'microsites','index','2010-07-25 14:19:40','2010-07-25 14:19:40'),(974,1,'microsites','index','2010-07-25 14:23:03','2010-07-25 14:23:03'),(975,1,'microsites','index','2010-07-25 14:23:52','2010-07-25 14:23:52'),(976,1,'microsites','index','2010-07-25 14:24:03','2010-07-25 14:24:03'),(977,1,'microsites','index','2010-07-25 14:24:11','2010-07-25 14:24:11'),(978,1,'microsites','index','2010-07-25 14:25:05','2010-07-25 14:25:05'),(979,1,'microsites','index','2010-07-25 14:25:17','2010-07-25 14:25:17'),(980,1,'users','show','2010-07-25 14:25:42','2010-07-25 14:25:42'),(981,1,'privacy_friends','new','2010-07-25 14:25:45','2010-07-25 14:25:45'),(982,1,'microsites','index','2010-07-25 14:28:12','2010-07-25 14:28:12'),(983,1,'microsites','index','2010-07-25 14:28:39','2010-07-25 14:28:39'),(984,1,'microsites','index','2010-07-25 14:28:41','2010-07-25 14:28:41'),(985,1,'microsites','index','2010-07-25 14:28:43','2010-07-25 14:28:43'),(986,1,'microsites','index','2010-07-25 14:28:53','2010-07-25 14:28:53'),(987,1,'microsites','index','2010-07-25 14:30:33','2010-07-25 14:30:33'),(988,1,'microsites','index','2010-07-25 14:31:26','2010-07-25 14:31:26'),(989,1,'microsites','index','2010-07-25 14:31:35','2010-07-25 14:31:35'),(990,1,'microsites','index','2010-07-25 14:32:06','2010-07-25 14:32:06'),(991,1,'microsites','index','2010-07-25 14:32:19','2010-07-25 14:32:19'),(992,1,'microsites','index','2010-07-25 14:32:31','2010-07-25 14:32:31'),(993,1,'microsites','index','2010-07-25 14:32:41','2010-07-25 14:32:41'),(994,1,'microsites','index','2010-07-25 14:33:39','2010-07-25 14:33:39'),(995,1,'microsites','index','2010-07-25 14:34:33','2010-07-25 14:34:33'),(996,1,'microsites','index','2010-07-25 14:37:44','2010-07-25 14:37:44'),(997,1,'microsites','index','2010-07-25 14:38:04','2010-07-25 14:38:04'),(998,1,'microsites','index','2010-07-25 14:40:52','2010-07-25 14:40:52'),(999,1,'microsites','index','2010-07-25 14:41:11','2010-07-25 14:41:11'),(1000,1,'microsites','index','2010-07-25 14:41:36','2010-07-25 14:41:36'),(1001,1,'microsites','index','2010-07-25 14:43:26','2010-07-25 14:43:26'),(1002,1,'microsites','index','2010-07-25 14:43:55','2010-07-25 14:43:55'),(1003,1,'microsites','index','2010-07-25 14:44:21','2010-07-25 14:44:21'),(1004,1,'microsites','index','2010-07-25 14:46:14','2010-07-25 14:46:14'),(1005,1,'microsites','index','2010-07-25 14:46:34','2010-07-25 14:46:34'),(1006,1,'microsites','index','2010-07-25 14:47:09','2010-07-25 14:47:09'),(1007,1,'microsites','index','2010-07-25 14:48:01','2010-07-25 14:48:01'),(1008,1,'microsites','index','2010-07-25 14:48:28','2010-07-25 14:48:28'),(1009,1,'microsites','index','2010-07-25 14:50:01','2010-07-25 14:50:01'),(1010,1,'microsites','index','2010-07-25 14:55:28','2010-07-25 14:55:28'),(1011,1,'microsites','index','2010-07-25 15:08:56','2010-07-25 15:08:56'),(1012,1,'microsites','index','2010-07-25 15:09:22','2010-07-25 15:09:22'),(1013,1,'microsites','index','2010-07-25 15:10:15','2010-07-25 15:10:15'),(1014,1,'microsites','index','2010-07-25 15:23:31','2010-07-25 15:23:31'),(1015,1,'users','create','2010-07-25 15:23:53','2010-07-25 15:23:53'),(1016,1,'microsites','index','2010-07-25 15:28:43','2010-07-25 15:28:43'),(1017,1,'microsites','index','2010-07-25 15:28:59','2010-07-25 15:28:59'),(1018,1,'microsites','index','2010-07-25 15:29:20','2010-07-25 15:29:20'),(1019,1,'microsites','index','2010-07-25 15:29:46','2010-07-25 15:29:46'),(1020,1,'microsites','index','2010-07-25 15:33:04','2010-07-25 15:33:04'),(1021,1,'contacts','create','2010-07-25 15:33:07','2010-07-25 15:33:07'),(1022,1,'microsites','index','2010-07-25 15:33:08','2010-07-25 15:33:08'),(1023,1,'contacts','create','2010-07-25 15:33:46','2010-07-25 15:33:46'),(1024,1,'microsites','index','2010-07-25 15:33:46','2010-07-25 15:33:46'),(1025,1,'matches','index','2010-07-25 15:38:03','2010-07-25 15:38:03'),(1026,1,'matches','index','2010-07-25 15:38:04','2010-07-25 15:38:04'),(1027,1,'microsites','index','2010-07-25 15:39:28','2010-07-25 15:39:28'),(1028,1,'microsites','index','2010-07-25 15:40:26','2010-07-25 15:40:26'),(1029,1,'microsites','index','2010-07-25 15:40:55','2010-07-25 15:40:55'),(1030,1,'microsites','index','2010-07-25 15:41:45','2010-07-25 15:41:45'),(1031,1,'microsites','index','2010-07-25 15:42:00','2010-07-25 15:42:00'),(1032,1,'home','index','2010-07-25 15:42:34','2010-07-25 15:42:34'),(1033,1,'home','index','2010-07-25 15:51:12','2010-07-25 15:51:12'),(1034,1,'home','index','2010-07-25 15:56:29','2010-07-25 15:56:29'),(1035,1,'home','index','2010-07-25 15:57:12','2010-07-25 15:57:12'),(1036,1,'home','index','2010-07-25 15:57:30','2010-07-25 15:57:30'),(1037,1,'home','index','2010-07-25 15:59:15','2010-07-25 15:59:15'),(1038,1,'home','index','2010-07-25 15:59:29','2010-07-25 15:59:29'),(1039,1,'matches','new','2010-07-25 15:59:42','2010-07-25 15:59:42'),(1040,1,'home','index','2010-07-25 15:59:47','2010-07-25 15:59:47'),(1041,1,'home','index','2010-07-25 16:01:19','2010-07-25 16:01:19'),(1042,1,'home','index','2010-07-25 16:04:10','2010-07-25 16:04:10'),(1043,1,'home','index','2010-07-25 16:04:16','2010-07-25 16:04:16'),(1044,1,'home','index','2010-07-25 16:04:25','2010-07-25 16:04:25'),(1045,1,'home','index','2010-07-25 16:04:33','2010-07-25 16:04:33'),(1046,1,'session','destroy','2010-07-25 16:04:41','2010-07-25 16:04:41'),(1047,0,'home','index','2010-07-25 16:04:41','2010-07-25 16:04:41'),(1048,0,'session','new','2010-07-25 16:04:42','2010-07-25 16:04:42'),(1049,0,'session','new','2010-07-25 16:06:15','2010-07-25 16:06:15'),(1050,0,'session','create','2010-07-25 16:06:22','2010-07-25 16:06:22'),(1051,1,'home','index','2010-07-25 16:06:22','2010-07-25 16:06:22'),(1052,1,'home','index','2010-07-25 16:06:36','2010-07-25 16:06:36'),(1053,1,'home','index','2010-07-25 16:07:15','2010-07-25 16:07:15'),(1054,1,'home','index','2010-07-25 16:07:33','2010-07-25 16:07:33'),(1055,1,'home','index','2010-07-25 16:07:36','2010-07-25 16:07:36'),(1056,1,'home','index','2010-07-25 16:07:54','2010-07-25 16:07:54'),(1057,1,'matches','index','2010-07-25 16:07:59','2010-07-25 16:07:59'),(1058,1,'matches','index','2010-07-25 16:08:00','2010-07-25 16:08:00'),(1059,1,'home','index','2010-07-25 16:08:09','2010-07-25 16:08:09'),(1060,1,'microsites','index','2010-07-25 16:08:12','2010-07-25 16:08:12'),(1061,1,'home','index','2010-07-25 16:09:18','2010-07-25 16:09:18'),(1062,1,'home','index','2010-07-25 16:09:21','2010-07-25 16:09:21'),(1063,1,'home','index','2010-07-25 16:15:10','2010-07-25 16:15:10'),(1064,1,'session','destroy','2010-07-25 16:15:22','2010-07-25 16:15:22'),(1065,0,'home','index','2010-07-25 16:15:22','2010-07-25 16:15:22'),(1066,0,'session','new','2010-07-25 16:15:22','2010-07-25 16:15:22'),(1067,0,'session','new','2010-07-25 16:15:40','2010-07-25 16:15:40'),(1068,0,'session','new','2010-07-25 16:15:48','2010-07-25 16:15:48'),(1069,0,'session','new','2010-07-25 16:16:10','2010-07-25 16:16:10'),(1070,0,'session','new','2010-07-25 16:16:32','2010-07-25 16:16:32'),(1071,0,'session','new','2010-07-25 16:16:39','2010-07-25 16:16:39'),(1072,0,'session','new','2010-07-25 16:16:45','2010-07-25 16:16:45'),(1073,0,'session','new','2010-07-25 16:16:52','2010-07-25 16:16:52'),(1074,0,'session','new','2010-07-25 16:16:54','2010-07-25 16:16:54'),(1075,0,'session','new','2010-07-25 16:17:25','2010-07-25 16:17:25'),(1076,0,'session','new','2010-07-25 16:17:54','2010-07-25 16:17:54'),(1077,0,'session','new','2010-07-25 16:18:13','2010-07-25 16:18:13'),(1078,0,'session','new','2010-07-25 16:18:38','2010-07-25 16:18:38'),(1079,0,'session','new','2010-07-25 16:18:47','2010-07-25 16:18:47'),(1080,0,'session','new','2010-07-25 16:19:07','2010-07-25 16:19:07'),(1081,0,'session','new','2010-07-25 16:19:55','2010-07-25 16:19:55'),(1082,0,'session','new','2010-07-25 17:19:59','2010-07-25 17:19:59'),(1083,0,'session','create','2010-07-25 17:41:40','2010-07-25 17:41:40'),(1084,1,'home','index','2010-07-25 17:41:40','2010-07-25 17:41:40'),(1085,1,'courses','index','2010-07-25 17:41:44','2010-07-25 17:41:44'),(1086,1,'course_images','show','2010-07-25 17:41:45','2010-07-25 17:41:45'),(1087,1,'home','index','2010-07-25 17:42:40','2010-07-25 17:42:40'),(1088,1,'matches','index','2010-07-25 17:42:50','2010-07-25 17:42:50'),(1089,1,'matches','index','2010-07-25 17:42:52','2010-07-25 17:42:52'),(1090,1,'home','index','2010-07-25 17:42:54','2010-07-25 17:42:54'),(1091,1,'home','index','2010-07-25 17:44:04','2010-07-25 17:44:04'),(1092,1,'session','destroy','2010-07-25 18:02:52','2010-07-25 18:02:52'),(1093,0,'home','index','2010-07-25 18:02:52','2010-07-25 18:02:52'),(1094,0,'session','new','2010-07-25 18:02:52','2010-07-25 18:02:52'),(1095,0,'session','new','2010-07-25 18:02:55','2010-07-25 18:02:55'),(1096,0,'session','new','2010-07-25 18:03:18','2010-07-25 18:03:18'),(1097,0,'session','new','2010-07-25 18:07:33','2010-07-25 18:07:33'),(1098,0,'session','create','2010-07-25 18:07:39','2010-07-25 18:07:39'),(1099,0,'session','create','2010-07-25 18:09:42','2010-07-25 18:09:42'),(1100,0,'session','create','2010-07-25 18:11:17','2010-07-25 18:11:17'),(1101,0,'session','create','2010-07-25 18:12:06','2010-07-25 18:12:06'),(1102,0,'session','create','2010-07-25 18:14:07','2010-07-25 18:14:07'),(1103,1,'home','index','2010-07-25 18:14:07','2010-07-25 18:14:07'),(1104,1,'microsites','index','2010-07-25 18:14:28','2010-07-25 18:14:28'),(1105,1,'microsites','index','2010-07-25 18:17:41','2010-07-25 18:17:41'),(1106,1,'microsites','index','2010-07-25 18:19:00','2010-07-25 18:19:00'),(1107,1,'microsites','index','2010-07-25 18:19:18','2010-07-25 18:19:18'),(1108,1,'microsites','index','2010-07-25 18:19:32','2010-07-25 18:19:32'),(1109,1,'microsites','index','2010-07-25 18:19:47','2010-07-25 18:19:47'),(1110,1,'microsites','index','2010-07-25 18:19:56','2010-07-25 18:19:56'),(1111,1,'microsites','index','2010-07-25 18:20:02','2010-07-25 18:20:02'),(1112,1,'microsites','index','2010-07-25 18:20:26','2010-07-25 18:20:26'),(1113,1,'microsites','index','2010-07-25 18:22:01','2010-07-25 18:22:01'),(1114,1,'microsites','index','2010-07-25 18:23:00','2010-07-25 18:23:00'),(1115,1,'microsites','index','2010-07-25 18:24:15','2010-07-25 18:24:15'),(1116,1,'microsites','index','2010-07-25 18:26:13','2010-07-25 18:26:13'),(1117,1,'privacy_friends','new','2010-07-25 18:26:38','2010-07-25 18:26:38'),(1118,1,'privacy_friends','new','2010-07-25 18:27:35','2010-07-25 18:27:35'),(1119,1,'microsites','index','2010-07-25 18:27:38','2010-07-25 18:27:38'),(1120,1,'microsites','index','2010-07-25 18:28:14','2010-07-25 18:28:14'),(1121,1,'microsites','index','2010-07-25 18:28:54','2010-07-25 18:28:54'),(1122,1,'microsites','index','2010-07-25 18:29:39','2010-07-25 18:29:39'),(1123,1,'microsites','index','2010-07-25 18:32:03','2010-07-25 18:32:03'),(1124,1,'microsites','index','2010-07-25 18:32:47','2010-07-25 18:32:47'),(1125,1,'microsites','index','2010-07-25 18:34:28','2010-07-25 18:34:28'),(1126,1,'microsites','index','2010-07-25 18:35:44','2010-07-25 18:35:44'),(1127,1,'microsites','index','2010-07-25 18:35:44','2010-07-25 18:35:44'),(1128,1,'microsites','index','2010-07-25 18:36:41','2010-07-25 18:36:41'),(1129,1,'microsites','index','2010-07-25 18:37:44','2010-07-25 18:37:44'),(1130,1,'microsites','index','2010-07-25 18:38:09','2010-07-25 18:38:09'),(1131,1,'microsites','index','2010-07-25 18:38:41','2010-07-25 18:38:41'),(1132,1,'microsites','index','2010-07-25 18:38:50','2010-07-25 18:38:50'),(1133,1,'microsites','index','2010-07-25 18:38:57','2010-07-25 18:38:57'),(1134,1,'microsites','index','2010-07-25 18:39:27','2010-07-25 18:39:27'),(1135,1,'microsites','index','2010-07-25 18:39:41','2010-07-25 18:39:41'),(1136,1,'microsites','index','2010-07-25 18:39:53','2010-07-25 18:39:53'),(1137,1,'microsites','index','2010-07-25 18:40:12','2010-07-25 18:40:12'),(1138,1,'microsites','index','2010-07-25 18:40:29','2010-07-25 18:40:29'),(1139,1,'home','index','2010-07-25 18:40:56','2010-07-25 18:40:56'),(1140,1,'matches','index','2010-07-25 18:41:23','2010-07-25 18:41:23'),(1141,1,'matches','index','2010-07-25 18:41:24','2010-07-25 18:41:24'),(1142,1,'home','index','2010-07-25 18:41:28','2010-07-25 18:41:28'),(1143,1,'users','show','2010-07-25 18:43:11','2010-07-25 18:43:11'),(1144,1,'users','edit','2010-07-25 18:43:15','2010-07-25 18:43:15'),(1145,1,'users','show','2010-07-25 18:43:22','2010-07-25 18:43:22'),(1146,1,'home','index','2010-07-25 18:43:28','2010-07-25 18:43:28'),(1147,1,'charts','pie_courses','2010-07-25 18:47:37','2010-07-25 18:47:37'),(1148,1,'home','index','2010-07-25 18:48:38','2010-07-25 18:48:38'),(1149,1,'courses','index','2010-07-25 18:48:49','2010-07-25 18:48:49'),(1150,1,'course_images','show','2010-07-25 18:48:50','2010-07-25 18:48:50'),(1151,1,'courses','show','2010-07-25 18:48:53','2010-07-25 18:48:53'),(1152,1,'courses','images','2010-07-25 18:48:54','2010-07-25 18:48:54'),(1153,1,'course_images','show','2010-07-25 18:48:55','2010-07-25 18:48:55'),(1154,1,'course_images','show','2010-07-25 18:48:55','2010-07-25 18:48:55'),(1155,1,'course_images','show','2010-07-25 18:48:55','2010-07-25 18:48:55'),(1156,1,'course_images','show','2010-07-25 18:48:55','2010-07-25 18:48:55'),(1157,1,'course_images','show','2010-07-25 18:48:56','2010-07-25 18:48:56'),(1158,1,'home','index','2010-07-25 18:49:54','2010-07-25 18:49:54'),(1159,1,'home','index','2010-07-25 18:53:48','2010-07-25 18:53:48'),(1160,1,'matches','index','2010-07-25 18:54:03','2010-07-25 18:54:03'),(1161,1,'matches','index','2010-07-25 18:54:05','2010-07-25 18:54:05'),(1162,1,'players','index','2010-07-25 18:54:07','2010-07-25 18:54:07'),(1163,1,'matches','destroy','2010-07-25 18:54:17','2010-07-25 18:54:17'),(1164,1,'matches','index','2010-07-25 18:54:18','2010-07-25 18:54:18'),(1165,1,'matches','index','2010-07-25 18:54:19','2010-07-25 18:54:19'),(1166,1,'home','index','2010-07-25 18:54:22','2010-07-25 18:54:22'),(1167,1,'home','index','2010-07-25 18:55:28','2010-07-25 18:55:28'),(1168,1,'home','index','2010-07-25 19:03:13','2010-07-25 19:03:13'),(1169,1,'home','index','2010-07-25 19:03:34','2010-07-25 19:03:34'),(1170,1,'home','index','2010-07-25 19:03:46','2010-07-25 19:03:46'),(1171,1,'home','index','2010-07-25 19:04:25','2010-07-25 19:04:25'),(1172,1,'home','index','2010-07-25 19:05:28','2010-07-25 19:05:28'),(1173,1,'home','index','2010-07-25 19:06:35','2010-07-25 19:06:35'),(1174,1,'home','index','2010-07-25 19:06:53','2010-07-25 19:06:53'),(1175,1,'home','index','2010-07-25 19:07:11','2010-07-25 19:07:11'),(1176,1,'home','index','2010-07-25 19:07:16','2010-07-25 19:07:16'),(1177,1,'matches','index','2010-07-25 19:09:24','2010-07-25 19:09:24'),(1178,1,'matches','index','2010-07-25 19:09:26','2010-07-25 19:09:26'),(1179,1,'home','index','2010-07-25 19:09:55','2010-07-25 19:09:55'),(1180,1,'home','index','2010-07-25 19:09:59','2010-07-25 19:09:59'),(1181,1,'home','index','2010-07-25 19:11:03','2010-07-25 19:11:03'),(1182,1,'home','index','2010-07-25 19:11:37','2010-07-25 19:11:37'),(1183,1,'home','index','2010-07-25 19:11:45','2010-07-25 19:11:45'),(1184,1,'home','index','2010-07-25 19:11:50','2010-07-25 19:11:50'),(1185,1,'home','index','2010-07-25 19:14:34','2010-07-25 19:14:34'),(1186,1,'home','index','2010-07-25 19:20:11','2010-07-25 19:20:11'),(1187,1,'home','index','2010-07-25 19:21:16','2010-07-25 19:21:16'),(1188,0,'session','new','2010-07-26 14:17:41','2010-07-26 14:17:41'),(1189,0,'session','new','2010-07-26 14:20:18','2010-07-26 14:20:18'),(1190,0,'session','new','2010-07-26 14:20:22','2010-07-26 14:20:22'),(1191,0,'session','new','2010-07-26 14:20:24','2010-07-26 14:20:24'),(1192,0,'session','create','2010-07-26 14:20:38','2010-07-26 14:20:38'),(1193,1,'home','index','2010-07-26 14:20:39','2010-07-26 14:20:39'),(1194,1,'home','index','2010-07-26 14:23:23','2010-07-26 14:23:23'),(1195,1,'home','index','2010-07-26 14:34:38','2010-07-26 14:34:38'),(1196,1,'home','index','2010-07-26 14:39:07','2010-07-26 14:39:07'),(1197,1,'privacy_friends','new','2010-07-26 14:46:19','2010-07-26 14:46:19'),(1198,1,'users','public_users','2010-07-26 14:46:37','2010-07-26 14:46:37'),(1199,1,'privacy_friends','create','2010-07-26 14:46:41','2010-07-26 14:46:41'),(1200,1,'privacy_friends','new','2010-07-26 14:46:41','2010-07-26 14:46:41'),(1201,1,'home','index','2010-07-26 14:46:47','2010-07-26 14:46:47'),(1202,1,'home','index','2010-07-26 14:49:02','2010-07-26 14:49:02'),(1203,1,'privacy_friends','new','2010-07-26 14:51:59','2010-07-26 14:51:59'),(1204,1,'session','destroy','2010-07-26 14:52:53','2010-07-26 14:52:53'),(1205,0,'home','index','2010-07-26 14:52:53','2010-07-26 14:52:53'),(1206,0,'session','new','2010-07-26 14:52:53','2010-07-26 14:52:53'),(1207,0,'session','create','2010-07-26 14:54:21','2010-07-26 14:54:21'),(1208,0,'session','create','2010-07-26 14:55:33','2010-07-26 14:55:33'),(1209,7,'home','index','2010-07-26 14:55:34','2010-07-26 14:55:34'),(1210,7,'privacy_friends','new','2010-07-26 14:55:53','2010-07-26 14:55:53'),(1211,7,'users','public_users','2010-07-26 14:55:58','2010-07-26 14:55:58'),(1212,7,'privacy_friends','create','2010-07-26 14:56:00','2010-07-26 14:56:00'),(1213,7,'privacy_friends','new','2010-07-26 14:56:00','2010-07-26 14:56:00'),(1214,7,'session','destroy','2010-07-26 14:56:08','2010-07-26 14:56:08'),(1215,0,'home','index','2010-07-26 14:56:08','2010-07-26 14:56:08'),(1216,0,'session','new','2010-07-26 14:56:09','2010-07-26 14:56:09'),(1217,0,'session','create','2010-07-26 14:56:15','2010-07-26 14:56:15'),(1218,1,'home','index','2010-07-26 14:56:15','2010-07-26 14:56:15'),(1219,1,'privacy_friends','new','2010-07-26 15:04:56','2010-07-26 15:04:56'),(1220,1,'privacy_friends','new','2010-07-26 15:05:22','2010-07-26 15:05:22'),(1221,1,'privacy_friends','new','2010-07-26 15:08:11','2010-07-26 15:08:11'),(1222,1,'privacy_friends','new','2010-07-26 15:16:24','2010-07-26 15:16:24'),(1223,1,'home','index','2010-07-26 15:17:22','2010-07-26 15:17:22'),(1224,1,'home','index','2010-07-26 15:17:49','2010-07-26 15:17:49'),(1225,1,'home','index','2010-07-26 15:18:49','2010-07-26 15:18:49'),(1226,1,'home','index','2010-07-26 15:19:27','2010-07-26 15:19:27'),(1227,1,'home','index','2010-07-26 15:21:13','2010-07-26 15:21:13'),(1228,1,'home','index','2010-07-26 15:21:54','2010-07-26 15:21:54'),(1229,1,'privacy_friends','new','2010-07-26 15:22:03','2010-07-26 15:22:03'),(1230,1,'home','index','2010-07-26 15:26:26','2010-07-26 15:26:26'),(1231,1,'home','index','2010-07-26 15:26:28','2010-07-26 15:26:28'),(1232,1,'home','index','2010-07-26 15:27:31','2010-07-26 15:27:31'),(1233,1,'users','show','2010-07-26 15:27:36','2010-07-26 15:27:36'),(1234,1,'home','index','2010-07-26 15:27:39','2010-07-26 15:27:39'),(1235,1,'home','index','2010-07-26 15:29:18','2010-07-26 15:29:18'),(1236,1,'home','index','2010-07-26 15:29:45','2010-07-26 15:29:45'),(1237,1,'home','index','2010-07-26 15:30:22','2010-07-26 15:30:22'),(1238,1,'home','index','2010-07-26 15:31:00','2010-07-26 15:31:00'),(1239,1,'home','index','2010-07-26 15:31:03','2010-07-26 15:31:03'),(1240,1,'home','index','2010-07-26 15:31:11','2010-07-26 15:31:11'),(1241,1,'home','index','2010-07-26 15:32:09','2010-07-26 15:32:09'),(1242,1,'users','show','2010-07-26 15:32:15','2010-07-26 15:32:15'),(1243,1,'home','index','2010-07-26 15:32:18','2010-07-26 15:32:18'),(1244,1,'home','index','2010-07-26 15:32:36','2010-07-26 15:32:36'),(1245,1,'home','index','2010-07-26 15:33:16','2010-07-26 15:33:16'),(1246,1,'home','index','2010-07-26 15:33:25','2010-07-26 15:33:25'),(1247,1,'users','edit','2010-07-26 15:33:28','2010-07-26 15:33:28'),(1248,1,'home','index','2010-07-26 15:33:31','2010-07-26 15:33:31'),(1249,1,'home','index','2010-07-26 15:38:53','2010-07-26 15:38:53'),(1250,1,'matches','new','2010-07-26 15:38:55','2010-07-26 15:38:55'),(1251,1,'matches','index','2010-07-26 15:38:59','2010-07-26 15:38:59'),(1252,1,'matches','index','2010-07-26 15:39:00','2010-07-26 15:39:00'),(1253,1,'home','index','2010-07-26 15:39:01','2010-07-26 15:39:01'),(1254,1,'privacy_friends','new','2010-07-26 15:39:24','2010-07-26 15:39:24'),(1255,1,'privacy_friends','new','2010-07-26 15:39:52','2010-07-26 15:39:52'),(1256,1,'home','index','2010-07-26 15:42:15','2010-07-26 15:42:15'),(1257,1,'session','destroy','2010-07-26 15:42:18','2010-07-26 15:42:18'),(1258,0,'home','index','2010-07-26 15:42:19','2010-07-26 15:42:19'),(1259,0,'session','new','2010-07-26 15:42:19','2010-07-26 15:42:19'),(1260,0,'session','new','2010-07-26 15:45:30','2010-07-26 15:45:30'),(1261,0,'microsites','show','2010-07-26 15:45:33','2010-07-26 15:45:33'),(1262,0,'session','new','2010-07-26 15:45:34','2010-07-26 15:45:34'),(1263,0,'session','new','2010-07-26 15:46:11','2010-07-26 15:46:11'),(1264,0,'microsites','show','2010-07-26 15:46:15','2010-07-26 15:46:15'),(1265,0,'session','new','2010-07-26 15:47:03','2010-07-26 15:47:03'),(1266,0,'microsites','show','2010-07-26 15:47:05','2010-07-26 15:47:05'),(1267,0,'session','new','2010-07-26 15:48:49','2010-07-26 15:48:49'),(1268,0,'microsites','show','2010-07-26 15:48:52','2010-07-26 15:48:52'),(1269,0,'session','new','2010-07-26 15:49:32','2010-07-26 15:49:32'),(1270,0,'microsites','show','2010-07-26 15:49:37','2010-07-26 15:49:37'),(1271,0,'session','create','2010-07-26 15:49:53','2010-07-26 15:49:53'),(1272,1,'microsites','show','2010-07-26 15:49:54','2010-07-26 15:49:54'),(1273,1,'session','create','2010-07-26 15:50:01','2010-07-26 15:50:01'),(1274,1,'home','index','2010-07-26 15:50:01','2010-07-26 15:50:01'),(1275,1,'home','index','2010-07-26 15:51:05','2010-07-26 15:51:05'),(1276,1,'session','destroy','2010-07-26 15:51:07','2010-07-26 15:51:07'),(1277,0,'home','index','2010-07-26 15:51:08','2010-07-26 15:51:08'),(1278,0,'session','new','2010-07-26 15:51:08','2010-07-26 15:51:08'),(1279,0,'microsites','ayuda','2010-07-26 15:51:13','2010-07-26 15:51:13'),(1280,0,'microsites','ayuda','2010-07-26 15:51:31','2010-07-26 15:51:31'),(1281,0,'microsites','ayuda','2010-07-26 15:52:25','2010-07-26 15:52:25'),(1282,0,'session','create','2010-07-26 15:52:33','2010-07-26 15:52:33'),(1283,1,'home','index','2010-07-26 15:52:34','2010-07-26 15:52:34'),(1284,1,'microsites','ayuda','2010-07-26 15:52:38','2010-07-26 15:52:38'),(1285,1,'session','destroy','2010-07-26 15:52:45','2010-07-26 15:52:45'),(1286,0,'home','index','2010-07-26 15:52:45','2010-07-26 15:52:45'),(1287,0,'session','new','2010-07-26 15:52:45','2010-07-26 15:52:45'),(1288,0,'session','new','2010-07-26 15:54:22','2010-07-26 15:54:22'),(1289,0,'session','new','2010-07-26 15:54:24','2010-07-26 15:54:24'),(1290,0,'session','new','2010-07-26 15:59:45','2010-07-26 15:59:45'),(1291,0,'session','new','2010-07-26 16:00:26','2010-07-26 16:00:26'),(1292,0,'session','new','2010-07-26 16:01:49','2010-07-26 16:01:49'),(1293,0,'session','create','2010-07-26 16:02:38','2010-07-26 16:02:38'),(1294,1,'home','index','2010-07-26 16:02:38','2010-07-26 16:02:38'),(1295,1,'home','index','2010-07-26 16:02:58','2010-07-26 16:02:58'),(1296,1,'home','index','2010-07-26 16:03:20','2010-07-26 16:03:20'),(1297,1,'home','index','2010-07-26 16:03:23','2010-07-26 16:03:23'),(1298,1,'home','index','2010-07-26 16:05:57','2010-07-26 16:05:57'),(1299,1,'session','destroy','2010-07-26 16:06:03','2010-07-26 16:06:03'),(1300,0,'home','index','2010-07-26 16:06:03','2010-07-26 16:06:03'),(1301,0,'session','new','2010-07-26 16:06:03','2010-07-26 16:06:03'),(1302,0,'session','new','2010-07-26 16:06:38','2010-07-26 16:06:38'),(1303,0,'session','new','2010-07-26 16:06:55','2010-07-26 16:06:55'),(1304,0,'session','new','2010-07-26 16:09:34','2010-07-26 16:09:34'),(1305,0,'session','create','2010-07-26 16:09:44','2010-07-26 16:09:44'),(1306,0,'microsites','ayuda','2010-07-26 16:09:49','2010-07-26 16:09:49'),(1307,0,'microsites','ayuda','2010-07-26 16:11:24','2010-07-26 16:11:24'),(1308,0,'contacts','create','2010-07-26 16:11:46','2010-07-26 16:11:46'),(1309,0,'home','index','2010-07-26 16:11:46','2010-07-26 16:11:46'),(1310,0,'session','new','2010-07-26 16:11:46','2010-07-26 16:11:46'),(1311,0,'contacts','create','2010-07-26 16:12:08','2010-07-26 16:12:08'),(1312,0,'home','index','2010-07-26 16:12:08','2010-07-26 16:12:08'),(1313,0,'session','new','2010-07-26 16:12:08','2010-07-26 16:12:08'),(1314,0,'microsites','ayuda','2010-07-26 16:12:16','2010-07-26 16:12:16'),(1315,0,'contacts','create','2010-07-26 16:12:34','2010-07-26 16:12:34'),(1316,0,'home','index','2010-07-26 16:12:34','2010-07-26 16:12:34'),(1317,0,'session','new','2010-07-26 16:12:35','2010-07-26 16:12:35'),(1318,0,'microsites','ayuda','2010-07-26 16:13:44','2010-07-26 16:13:44'),(1319,0,'contacts','create','2010-07-26 16:14:00','2010-07-26 16:14:00'),(1320,0,'microsites','ayuda','2010-07-26 16:14:00','2010-07-26 16:14:00'),(1321,0,'contacts','create','2010-07-26 16:14:38','2010-07-26 16:14:38'),(1322,0,'microsites','ayuda','2010-07-26 16:14:38','2010-07-26 16:14:38'),(1323,0,'microsites','ayuda','2010-07-26 16:15:08','2010-07-26 16:15:08'),(1324,0,'contacts','create','2010-07-26 16:15:14','2010-07-26 16:15:14'),(1325,0,'microsites','ayuda','2010-07-26 16:15:14','2010-07-26 16:15:14'),(1326,0,'microsites','ayuda','2010-07-26 16:15:39','2010-07-26 16:15:39'),(1327,0,'microsites','ayuda','2010-07-26 16:16:40','2010-07-26 16:16:40'),(1328,0,'microsites','ayuda','2010-07-26 16:16:48','2010-07-26 16:16:48'),(1329,0,'microsites','ayuda','2010-07-26 16:16:49','2010-07-26 16:16:49'),(1330,0,'microsites','ayuda','2010-07-26 16:16:56','2010-07-26 16:16:56'),(1331,0,'microsites','ayuda','2010-07-26 16:16:58','2010-07-26 16:16:58'),(1332,0,'microsites','ayuda','2010-07-26 16:18:09','2010-07-26 16:18:09'),(1333,0,'microsites','ayuda','2010-07-26 16:18:18','2010-07-26 16:18:18'),(1334,0,'microsites','ayuda','2010-07-26 16:18:20','2010-07-26 16:18:20'),(1335,0,'microsites','ayuda','2010-07-26 16:19:58','2010-07-26 16:19:58'),(1336,0,'microsites','ayuda','2010-07-26 16:20:29','2010-07-26 16:20:29'),(1337,0,'microsites','ayuda','2010-07-26 16:20:31','2010-07-26 16:20:31'),(1338,0,'microsites','ayuda','2010-07-26 16:20:33','2010-07-26 16:20:33'),(1339,0,'session','create','2010-07-26 16:21:30','2010-07-26 16:21:30'),(1340,1,'home','index','2010-07-26 16:21:30','2010-07-26 16:21:30'),(1341,1,'privacy_friends','new','2010-07-26 16:21:34','2010-07-26 16:21:34'),(1342,1,'privacy_friends','new','2010-07-26 16:22:52','2010-07-26 16:22:52'),(1343,1,'privacy_friends','new','2010-07-26 16:23:13','2010-07-26 16:23:13'),(1344,1,'home','index','2010-07-26 16:23:24','2010-07-26 16:23:24'),(1345,1,'microsites','ayuda','2010-07-26 16:23:26','2010-07-26 16:23:26'),(1346,1,'privacy_friends','new','2010-07-26 16:23:34','2010-07-26 16:23:34'),(1347,1,'privacy_friends','allow','2010-07-26 16:26:13','2010-07-26 16:26:13'),(1348,1,'privacy_friends','new','2010-07-26 16:26:14','2010-07-26 16:26:14'),(1349,1,'privacy_friends','destroy','2010-07-26 16:26:20','2010-07-26 16:26:20'),(1350,1,'privacy_friends','new','2010-07-26 16:26:20','2010-07-26 16:26:20'),(1351,1,'privacy_friends','destroy','2010-07-26 16:26:26','2010-07-26 16:26:26'),(1352,1,'privacy_friends','new','2010-07-26 16:26:26','2010-07-26 16:26:26'),(1353,1,'privacy_friends','new','2010-07-26 16:26:51','2010-07-26 16:26:51'),(1354,1,'privacy_friends','new','2010-07-26 16:27:04','2010-07-26 16:27:04'),(1355,1,'privacy_friends','destroy','2010-07-26 16:27:08','2010-07-26 16:27:08'),(1356,1,'privacy_friends','new','2010-07-26 16:27:09','2010-07-26 16:27:09'),(1357,1,'privacy_friends','destroy','2010-07-26 16:27:13','2010-07-26 16:27:13'),(1358,1,'privacy_friends','new','2010-07-26 16:27:14','2010-07-26 16:27:14'),(1359,1,'privacy_friends','destroy','2010-07-26 16:27:19','2010-07-26 16:27:19'),(1360,1,'privacy_friends','new','2010-07-26 16:27:19','2010-07-26 16:27:19'),(1361,1,'privacy_friends','destroy','2010-07-26 16:27:23','2010-07-26 16:27:23'),(1362,1,'privacy_friends','new','2010-07-26 16:27:24','2010-07-26 16:27:24'),(1363,1,'privacy_friends','destroy','2010-07-26 16:27:28','2010-07-26 16:27:28'),(1364,1,'privacy_friends','new','2010-07-26 16:27:29','2010-07-26 16:27:29'),(1365,1,'users','public_users','2010-07-26 16:27:32','2010-07-26 16:27:32'),(1366,1,'users','public_users','2010-07-26 16:27:37','2010-07-26 16:27:37'),(1367,1,'privacy_friends','create','2010-07-26 16:27:39','2010-07-26 16:27:39'),(1368,1,'privacy_friends','new','2010-07-26 16:27:40','2010-07-26 16:27:40'),(1369,1,'users','public_users','2010-07-26 16:27:44','2010-07-26 16:27:44'),(1370,1,'privacy_friends','create','2010-07-26 16:27:47','2010-07-26 16:27:47'),(1371,1,'privacy_friends','new','2010-07-26 16:27:47','2010-07-26 16:27:47'),(1372,1,'session','destroy','2010-07-26 16:27:50','2010-07-26 16:27:50'),(1373,0,'home','index','2010-07-26 16:27:51','2010-07-26 16:27:51'),(1374,0,'session','new','2010-07-26 16:27:51','2010-07-26 16:27:51'),(1375,0,'session','create','2010-07-26 16:27:57','2010-07-26 16:27:57'),(1376,2,'home','index','2010-07-26 16:27:58','2010-07-26 16:27:58'),(1377,2,'privacy_friends','new','2010-07-26 16:28:02','2010-07-26 16:28:02'),(1378,2,'privacy_friends','allow','2010-07-26 16:28:11','2010-07-26 16:28:11'),(1379,2,'privacy_friends','new','2010-07-26 16:28:11','2010-07-26 16:28:11'),(1380,2,'session','destroy','2010-07-26 16:28:15','2010-07-26 16:28:15'),(1381,0,'home','index','2010-07-26 16:28:15','2010-07-26 16:28:15'),(1382,0,'session','new','2010-07-26 16:28:15','2010-07-26 16:28:15'),(1383,0,'session','create','2010-07-26 16:28:21','2010-07-26 16:28:21'),(1384,3,'home','index','2010-07-26 16:28:21','2010-07-26 16:28:21'),(1385,3,'privacy_friends','new','2010-07-26 16:28:24','2010-07-26 16:28:24'),(1386,3,'privacy_friends','allow','2010-07-26 16:28:28','2010-07-26 16:28:28'),(1387,3,'privacy_friends','new','2010-07-26 16:28:29','2010-07-26 16:28:29'),(1388,3,'session','destroy','2010-07-26 16:28:31','2010-07-26 16:28:31'),(1389,0,'home','index','2010-07-26 16:28:31','2010-07-26 16:28:31'),(1390,0,'session','new','2010-07-26 16:28:32','2010-07-26 16:28:32'),(1391,0,'session','create','2010-07-26 16:28:37','2010-07-26 16:28:37'),(1392,1,'home','index','2010-07-26 16:28:38','2010-07-26 16:28:38'),(1393,1,'users','show','2010-07-26 16:28:54','2010-07-26 16:28:54'),(1394,1,'privacy_friends','new','2010-07-26 16:28:57','2010-07-26 16:28:57'),(1395,1,'home','index','2010-07-26 16:29:24','2010-07-26 16:29:24'),(1396,1,'home','index','2010-07-26 16:33:39','2010-07-26 16:33:39'),(1397,1,'privacy_friends','new','2010-07-26 16:33:43','2010-07-26 16:33:43'),(1398,1,'home','index','2010-07-26 16:34:32','2010-07-26 16:34:32'),(1399,1,'privacy_friends','new','2010-07-26 16:34:40','2010-07-26 16:34:40'),(1400,1,'users','show','2010-07-26 16:34:48','2010-07-26 16:34:48'),(1401,1,'home','index','2010-07-26 16:34:51','2010-07-26 16:34:51'),(1402,1,'microsites','ayuda','2010-07-26 18:02:09','2010-07-26 18:02:09'),(1403,1,'matches','index','2010-07-26 18:02:51','2010-07-26 18:02:51'),(1404,1,'matches','index','2010-07-26 18:02:52','2010-07-26 18:02:52'),(1405,1,'players','index','2010-07-26 18:02:58','2010-07-26 18:02:58'),(1406,1,'matches','edit','2010-07-26 18:03:02','2010-07-26 18:03:02'),(1407,1,'matches','show','2010-07-26 18:03:08','2010-07-26 18:03:08'),(1408,1,'course_images','show','2010-07-26 18:03:08','2010-07-26 18:03:08'),(1409,1,'players','index','2010-07-26 18:03:09','2010-07-26 18:03:09'),(1410,1,'microsites','ayuda','2010-07-26 18:04:26','2010-07-26 18:04:26'),(1411,1,'microsites','ayuda','2010-07-26 18:04:49','2010-07-26 18:04:49'),(1412,1,'matches','index','2010-07-26 18:05:24','2010-07-26 18:05:24'),(1413,1,'matches','index','2010-07-26 18:05:26','2010-07-26 18:05:26'),(1414,1,'home','index','2010-07-26 18:05:26','2010-07-26 18:05:26'),(1415,1,'home','index','2010-07-26 18:07:30','2010-07-26 18:07:30'),(1416,1,'home','index','2010-07-26 18:07:46','2010-07-26 18:07:46'),(1417,1,'home','index','2010-07-26 18:07:56','2010-07-26 18:07:56'),(1418,1,'home','index','2010-07-26 18:08:51','2010-07-26 18:08:51'),(1419,1,'microsites','ayuda','2010-07-26 18:09:46','2010-07-26 18:09:46'),(1420,1,'matches','index','2010-07-26 18:13:34','2010-07-26 18:13:34'),(1421,1,'matches','index','2010-07-26 18:13:35','2010-07-26 18:13:35'),(1422,1,'courses','find_like_by_name','2010-07-26 18:13:41','2010-07-26 18:13:41'),(1423,1,'matches','index','2010-07-26 18:13:44','2010-07-26 18:13:44'),(1424,1,'matches','index','2010-07-26 18:13:46','2010-07-26 18:13:46'),(1425,1,'courses','find_like_by_name','2010-07-26 18:16:33','2010-07-26 18:16:33'),(1426,1,'matches','index','2010-07-26 18:16:44','2010-07-26 18:16:44'),(1427,1,'matches','index','2010-07-26 18:16:45','2010-07-26 18:16:45'),(1428,1,'matches','index','2010-07-26 18:16:47','2010-07-26 18:16:47'),(1429,1,'matches','index','2010-07-26 18:25:34','2010-07-26 18:25:34'),(1430,1,'matches','index','2010-07-26 18:26:18','2010-07-26 18:26:18'),(1431,1,'matches','index','2010-07-26 18:26:30','2010-07-26 18:26:30'),(1432,1,'matches','index','2010-07-26 18:26:43','2010-07-26 18:26:43'),(1433,1,'matches','index','2010-07-26 18:26:44','2010-07-26 18:26:44'),(1434,1,'courses','find_like_by_name','2010-07-26 18:26:49','2010-07-26 18:26:49'),(1435,1,'matches','index','2010-07-26 18:26:51','2010-07-26 18:26:51'),(1436,1,'matches','index','2010-07-26 18:30:31','2010-07-26 18:30:31'),(1437,1,'matches','index','2010-07-26 18:32:44','2010-07-26 18:32:44'),(1438,1,'matches','index','2010-07-26 18:32:45','2010-07-26 18:32:45'),(1439,1,'matches','index','2010-07-26 18:33:44','2010-07-26 18:33:44'),(1440,1,'matches','index','2010-07-26 18:33:56','2010-07-26 18:33:56'),(1441,1,'matches','index','2010-07-26 18:33:57','2010-07-26 18:33:57'),(1442,1,'courses','find_like_by_name','2010-07-26 18:34:04','2010-07-26 18:34:04'),(1443,1,'matches','index','2010-07-26 18:34:05','2010-07-26 18:34:05'),(1444,1,'matches','index','2010-07-26 18:34:07','2010-07-26 18:34:07'),(1445,1,'matches','index','2010-07-26 18:38:29','2010-07-26 18:38:29'),(1446,1,'matches','index','2010-07-26 18:38:56','2010-07-26 18:38:56'),(1447,1,'matches','index','2010-07-26 18:39:28','2010-07-26 18:39:28'),(1448,1,'matches','index','2010-07-26 18:39:30','2010-07-26 18:39:30'),(1449,1,'matches','last_matches','2010-07-26 18:39:35','2010-07-26 18:39:35'),(1450,1,'matches','index','2010-07-26 18:39:40','2010-07-26 18:39:40'),(1451,1,'matches','index','2010-07-26 18:40:04','2010-07-26 18:40:04'),(1452,1,'matches','index','2010-07-26 18:40:28','2010-07-26 18:40:28'),(1453,1,'matches','index','2010-07-26 18:40:29','2010-07-26 18:40:29'),(1454,1,'matches','index','2010-07-26 18:41:00','2010-07-26 18:41:00'),(1455,1,'matches','index','2010-07-26 18:41:01','2010-07-26 18:41:01'),(1456,1,'matches','last_matches','2010-07-26 18:41:03','2010-07-26 18:41:03'),(1457,1,'matches','last_matches','2010-07-26 18:41:05','2010-07-26 18:41:05'),(1458,1,'matches','best_matches','2010-07-26 18:42:03','2010-07-26 18:42:03'),(1459,1,'matches','best_matches','2010-07-26 18:42:04','2010-07-26 18:42:04'),(1460,1,'matches','last_month','2010-07-26 18:42:07','2010-07-26 18:42:07'),(1461,1,'matches','last_month','2010-07-26 18:42:09','2010-07-26 18:42:09'),(1462,1,'matches','index','2010-07-26 18:42:11','2010-07-26 18:42:11'),(1463,1,'matches','index','2010-07-26 18:42:12','2010-07-26 18:42:12'),(1464,1,'matches','index','2010-07-26 18:42:52','2010-07-26 18:42:52'),(1465,1,'matches','index','2010-07-26 18:42:54','2010-07-26 18:42:54'),(1466,1,'players','index','2010-07-26 18:43:07','2010-07-26 18:43:07'),(1467,1,'players','index','2010-07-26 18:43:13','2010-07-26 18:43:13'),(1468,1,'players','index','2010-07-26 18:43:18','2010-07-26 18:43:18'),(1469,1,'players','index','2010-07-26 18:44:16','2010-07-26 18:44:16'),(1470,1,'matches','index','2010-07-26 18:44:33','2010-07-26 18:44:33'),(1471,1,'matches','index','2010-07-26 18:44:34','2010-07-26 18:44:34'),(1472,1,'matches','print','2010-07-26 18:44:37','2010-07-26 18:44:37'),(1473,1,'course_images','show','2010-07-26 18:44:38','2010-07-26 18:44:38'),(1474,1,'home','index','2010-07-26 18:44:40','2010-07-26 18:44:40'),(1475,1,'home','index','2010-07-26 18:45:43','2010-07-26 18:45:43'),(1476,1,'users','edit','2010-07-26 18:46:30','2010-07-26 18:46:30'),(1477,1,'home','index','2010-07-26 18:47:16','2010-07-26 18:47:16'),(1478,1,'matches','index','2010-07-26 18:47:35','2010-07-26 18:47:35'),(1479,1,'matches','index','2010-07-26 18:47:37','2010-07-26 18:47:37'),(1480,1,'players','index','2010-07-26 18:47:57','2010-07-26 18:47:57'),(1481,1,'players','index','2010-07-26 18:48:05','2010-07-26 18:48:05'),(1482,1,'courses','find_like_by_name','2010-07-26 18:48:18','2010-07-26 18:48:18'),(1483,1,'courses','find_like_by_name','2010-07-26 18:48:20','2010-07-26 18:48:20'),(1484,1,'courses','find_like_by_name','2010-07-26 18:48:21','2010-07-26 18:48:21'),(1485,1,'courses','find_like_by_name','2010-07-26 18:48:25','2010-07-26 18:48:25'),(1486,1,'matches','index','2010-07-26 18:48:28','2010-07-26 18:48:28'),(1487,1,'matches','index','2010-07-26 18:48:29','2010-07-26 18:48:29'),(1488,1,'matches','last_matches','2010-07-26 18:48:35','2010-07-26 18:48:35'),(1489,1,'matches','last_matches','2010-07-26 18:48:37','2010-07-26 18:48:37'),(1490,1,'matches','best_matches','2010-07-26 18:48:40','2010-07-26 18:48:40'),(1491,1,'matches','best_matches','2010-07-26 18:48:41','2010-07-26 18:48:41'),(1492,1,'matches','last_month','2010-07-26 18:48:44','2010-07-26 18:48:44'),(1493,1,'matches','last_month','2010-07-26 18:48:45','2010-07-26 18:48:45'),(1494,1,'matches','index','2010-07-26 18:48:50','2010-07-26 18:48:50'),(1495,1,'matches','index','2010-07-26 18:48:52','2010-07-26 18:48:52'),(1496,1,'matches','last_matches','2010-07-26 18:48:55','2010-07-26 18:48:55'),(1497,1,'matches','last_matches','2010-07-26 18:48:56','2010-07-26 18:48:56'),(1498,1,'matches','best_matches','2010-07-26 18:49:01','2010-07-26 18:49:01'),(1499,1,'matches','best_matches','2010-07-26 18:49:02','2010-07-26 18:49:02'),(1500,1,'matches','show','2010-07-26 18:49:18','2010-07-26 18:49:18'),(1501,1,'matches','show','2010-07-26 18:49:29','2010-07-26 18:49:29'),(1502,1,'matches','last_month','2010-07-26 18:50:21','2010-07-26 18:50:21'),(1503,1,'matches','last_month','2010-07-26 18:50:22','2010-07-26 18:50:22'),(1504,1,'home','index','2010-07-26 18:50:24','2010-07-26 18:50:24'),(1505,1,'matches','index','2010-07-26 18:50:29','2010-07-26 18:50:29'),(1506,1,'matches','index','2010-07-26 18:50:34','2010-07-26 18:50:34'),(1507,1,'players','index','2010-07-26 18:50:41','2010-07-26 18:50:41'),(1508,1,'matches','show','2010-07-26 18:51:10','2010-07-26 18:51:10'),(1509,1,'course_images','show','2010-07-26 18:51:11','2010-07-26 18:51:11'),(1510,1,'players','index','2010-07-26 18:51:14','2010-07-26 18:51:14'),(1511,1,'matches','print','2010-07-26 18:52:14','2010-07-26 18:52:14'),(1512,1,'course_images','show','2010-07-26 18:52:17','2010-07-26 18:52:17'),(1513,1,'matches','index','2010-07-26 18:53:06','2010-07-26 18:53:06'),(1514,1,'matches','index','2010-07-26 18:53:10','2010-07-26 18:53:10'),(1515,1,'matches','edit','2010-07-26 18:53:13','2010-07-26 18:53:13'),(1516,1,'matches','update','2010-07-26 18:55:04','2010-07-26 18:55:04'),(1517,1,'matches','edit','2010-07-26 18:55:05','2010-07-26 18:55:05'),(1518,1,'matches','index','2010-07-26 18:55:13','2010-07-26 18:55:13'),(1519,1,'matches','index','2010-07-26 18:55:16','2010-07-26 18:55:16'),(1520,1,'players','index','2010-07-26 18:55:19','2010-07-26 18:55:19'),(1521,1,'matches','print','2010-07-26 18:59:19','2010-07-26 18:59:19'),(1522,1,'course_images','show','2010-07-26 18:59:20','2010-07-26 18:59:20'),(1523,1,'courses','index','2010-07-26 18:59:45','2010-07-26 18:59:45'),(1524,1,'course_images','show','2010-07-26 18:59:46','2010-07-26 18:59:46'),(1525,1,'matches','index','2010-07-26 18:59:53','2010-07-26 18:59:53'),(1526,1,'matches','index','2010-07-26 18:59:55','2010-07-26 18:59:55'),(1527,1,'matches','new','2010-07-26 18:59:57','2010-07-26 18:59:57'),(1528,1,'courses','index','2010-07-26 19:00:08','2010-07-26 19:00:08'),(1529,1,'course_images','show','2010-07-26 19:00:09','2010-07-26 19:00:09'),(1530,1,'matches','index','2010-07-26 19:00:19','2010-07-26 19:00:19'),(1531,1,'matches','index','2010-07-26 19:00:21','2010-07-26 19:00:21'),(1532,1,'matches','new','2010-07-26 19:00:25','2010-07-26 19:00:25'),(1533,1,'courses','find_like_by_name','2010-07-26 19:00:36','2010-07-26 19:00:36'),(1534,1,'courses','find_like_by_name','2010-07-26 19:00:36','2010-07-26 19:00:36'),(1535,1,'matches','index','2010-07-26 19:01:11','2010-07-26 19:01:11'),(1536,1,'matches','index','2010-07-26 19:01:13','2010-07-26 19:01:13'),(1537,1,'matches','print','2010-07-26 19:01:21','2010-07-26 19:01:21'),(1538,1,'course_images','show','2010-07-26 19:01:22','2010-07-26 19:01:22'),(1539,1,'matches','print','2010-07-26 19:01:56','2010-07-26 19:01:56'),(1540,1,'course_images','show','2010-07-26 19:01:57','2010-07-26 19:01:57'),(1541,1,'matches','print','2010-07-26 19:02:56','2010-07-26 19:02:56'),(1542,1,'course_images','show','2010-07-26 19:02:57','2010-07-26 19:02:57'),(1543,1,'matches','index','2010-07-26 19:03:24','2010-07-26 19:03:24'),(1544,1,'matches','index','2010-07-26 19:03:25','2010-07-26 19:03:25'),(1545,1,'matches','new','2010-07-26 19:03:26','2010-07-26 19:03:26'),(1546,1,'courses','index','2010-07-26 19:04:39','2010-07-26 19:04:39'),(1547,1,'course_images','show','2010-07-26 19:04:40','2010-07-26 19:04:40'),(1548,1,'courses','edit','2010-07-26 19:04:52','2010-07-26 19:04:52'),(1549,1,'courses','show','2010-07-26 19:05:00','2010-07-26 19:05:00'),(1550,1,'courses','images','2010-07-26 19:05:01','2010-07-26 19:05:01'),(1551,1,'course_images','show','2010-07-26 19:05:02','2010-07-26 19:05:02'),(1552,1,'course_images','show','2010-07-26 19:05:02','2010-07-26 19:05:02'),(1553,1,'course_images','show','2010-07-26 19:05:02','2010-07-26 19:05:02'),(1554,1,'course_images','show','2010-07-26 19:05:03','2010-07-26 19:05:03'),(1555,1,'course_images','show','2010-07-26 19:05:03','2010-07-26 19:05:03'),(1556,1,'courses','index','2010-07-26 19:07:20','2010-07-26 19:07:20'),(1557,1,'course_images','show','2010-07-26 19:07:21','2010-07-26 19:07:21'),(1558,1,'charts','pie_courses','2010-07-26 19:08:42','2010-07-26 19:08:42'),(1559,1,'users','show','2010-07-26 19:08:54','2010-07-26 19:08:54'),(1560,1,'privacy_friends','new','2010-07-26 19:08:58','2010-07-26 19:08:58'),(1561,1,'users','show','2010-07-26 19:09:58','2010-07-26 19:09:58'),(1562,1,'home','index','2010-07-26 19:10:02','2010-07-26 19:10:02'),(1563,1,'matches','index','2010-07-26 19:11:24','2010-07-26 19:11:24'),(1564,1,'matches','index','2010-07-26 19:11:25','2010-07-26 19:11:25'),(1565,1,'session','destroy','2010-07-26 19:22:47','2010-07-26 19:22:47'),(1566,0,'home','index','2010-07-26 19:22:48','2010-07-26 19:22:48'),(1567,0,'session','new','2010-07-26 19:22:48','2010-07-26 19:22:48'),(1568,0,'session','new','2010-07-26 19:34:23','2010-07-26 19:34:23'),(1569,0,'session','create','2010-07-26 19:34:35','2010-07-26 19:34:35'),(1570,6,'home','index','2010-07-26 19:34:36','2010-07-26 19:34:36'),(1571,6,'privacy_friends','new','2010-07-26 19:34:42','2010-07-26 19:34:42'),(1572,6,'users','show','2010-07-26 19:34:49','2010-07-26 19:34:49'),(1573,6,'home','index','2010-07-26 19:34:52','2010-07-26 19:34:52'),(1574,6,'privacy_friends','new','2010-07-26 19:34:58','2010-07-26 19:34:58'),(1575,6,'privacy_friends','allow','2010-07-26 19:35:04','2010-07-26 19:35:04'),(1576,6,'privacy_friends','new','2010-07-26 19:35:04','2010-07-26 19:35:04'),(1577,6,'matches','index','2010-07-26 19:35:09','2010-07-26 19:35:09'),(1578,6,'matches','index','2010-07-26 19:35:10','2010-07-26 19:35:10'),(1579,6,'matches','new','2010-07-26 19:35:13','2010-07-26 19:35:13'),(1580,6,'users','show','2010-07-26 20:36:17','2010-07-26 20:36:17'),(1581,6,'privacy_friends','new','2010-07-26 20:36:19','2010-07-26 20:36:19'),(1582,6,'home','index','2010-07-26 20:36:35','2010-07-26 20:36:35'),(1583,6,'matches','index','2010-07-26 20:36:40','2010-07-26 20:36:40'),(1584,6,'matches','index','2010-07-26 20:36:42','2010-07-26 20:36:42'),(1585,6,'home','index','2010-07-26 20:37:14','2010-07-26 20:37:14'),(1586,6,'matches','index','2010-07-26 20:37:19','2010-07-26 20:37:19'),(1587,6,'matches','index','2010-07-26 20:37:20','2010-07-26 20:37:20'),(1588,6,'matches','new','2010-07-26 20:37:31','2010-07-26 20:37:31'),(1589,6,'matches','index','2010-07-26 20:37:58','2010-07-26 20:37:58'),(1590,6,'matches','index','2010-07-26 20:37:59','2010-07-26 20:37:59'),(1591,6,'matches','new','2010-07-26 20:38:03','2010-07-26 20:38:03'),(1592,6,'matches','index','2010-07-26 20:38:36','2010-07-26 20:38:36'),(1593,6,'matches','index','2010-07-26 20:38:38','2010-07-26 20:38:38'),(1594,6,'matches','index','2010-07-26 20:38:39','2010-07-26 20:38:39'),(1595,6,'matches','index','2010-07-26 20:38:41','2010-07-26 20:38:41'),(1596,6,'matches','new','2010-07-26 20:38:47','2010-07-26 20:38:47'),(1597,6,'matches','index','2010-07-26 20:39:34','2010-07-26 20:39:34'),(1598,6,'matches','index','2010-07-26 20:39:36','2010-07-26 20:39:36'),(1599,6,'matches','new','2010-07-26 20:39:45','2010-07-26 20:39:45'),(1600,6,'courses','find_like_by_name','2010-07-26 20:39:49','2010-07-26 20:39:49'),(1601,6,'courses','find_like_by_name','2010-07-26 20:39:51','2010-07-26 20:39:51'),(1602,6,'courses','find_like_by_name','2010-07-26 20:39:54','2010-07-26 20:39:54'),(1603,6,'courses','find_like_by_name','2010-07-26 20:39:54','2010-07-26 20:39:54'),(1604,6,'courses','find_like_by_name','2010-07-26 20:39:58','2010-07-26 20:39:58'),(1605,6,'courses','find_like_by_name','2010-07-26 20:40:02','2010-07-26 20:40:02'),(1606,6,'courses','find_like_by_name','2010-07-26 20:40:06','2010-07-26 20:40:06'),(1607,6,'matches','create','2010-07-26 20:40:50','2010-07-26 20:40:50'),(1608,6,'matches','show','2010-07-26 20:40:50','2010-07-26 20:40:50'),(1609,6,'course_images','show','2010-07-26 20:40:52','2010-07-26 20:40:52'),(1610,6,'players','index','2010-07-26 20:40:52','2010-07-26 20:40:52'),(1611,6,'users','show','2010-07-26 21:01:34','2010-07-26 21:01:34'),(1612,6,'users','edit','2010-07-26 21:01:37','2010-07-26 21:01:37'),(1613,6,'users','update','2010-07-26 21:01:42','2010-07-26 21:01:42'),(1614,6,'users','edit','2010-07-26 21:06:52','2010-07-26 21:06:52'),(1615,6,'users','update','2010-07-26 21:06:56','2010-07-26 21:06:56'),(1616,6,'users','show','2010-07-26 21:06:57','2010-07-26 21:06:57'),(1617,6,'users','edit','2010-07-26 21:07:00','2010-07-26 21:07:00'),(1618,6,'users','update','2010-07-26 21:07:04','2010-07-26 21:07:04'),(1619,6,'users','show','2010-07-26 21:07:04','2010-07-26 21:07:04'),(1620,6,'users','edit','2010-07-26 21:07:09','2010-07-26 21:07:09'),(1621,6,'users','update','2010-07-26 21:07:17','2010-07-26 21:07:17'),(1622,6,'users','show','2010-07-26 21:07:18','2010-07-26 21:07:18'),(1623,6,'users','edit','2010-07-26 21:07:21','2010-07-26 21:07:21'),(1624,6,'users','update','2010-07-26 21:07:33','2010-07-26 21:07:33'),(1625,6,'users','show','2010-07-26 21:07:34','2010-07-26 21:07:34'),(1626,6,'users','show','2010-07-26 21:09:19','2010-07-26 21:09:19'),(1627,6,'users','edit','2010-07-26 21:09:26','2010-07-26 21:09:26'),(1628,6,'users','update','2010-07-26 21:09:33','2010-07-26 21:09:33'),(1629,6,'users','show','2010-07-26 21:09:35','2010-07-26 21:09:35'),(1630,6,'users','edit','2010-07-26 21:09:39','2010-07-26 21:09:39'),(1631,6,'users','update','2010-07-26 21:10:28','2010-07-26 21:10:28'),(1632,6,'users','show','2010-07-26 21:10:28','2010-07-26 21:10:28'),(1633,6,'users','show','2010-07-26 21:11:12','2010-07-26 21:11:12'),(1634,6,'users','edit','2010-07-26 21:12:36','2010-07-26 21:12:36'),(1635,6,'users','update','2010-07-26 21:12:42','2010-07-26 21:12:42'),(1636,6,'users','show','2010-07-26 21:12:42','2010-07-26 21:12:42'),(1637,6,'users','edit','2010-07-26 21:14:18','2010-07-26 21:14:18'),(1638,6,'users','update','2010-07-26 21:14:31','2010-07-26 21:14:31'),(1639,6,'users','show','2010-07-26 21:14:32','2010-07-26 21:14:32'),(1640,6,'users','show','2010-07-26 21:16:40','2010-07-26 21:16:40'),(1641,6,'users','edit','2010-07-26 21:16:44','2010-07-26 21:16:44'),(1642,6,'users','update','2010-07-26 21:16:54','2010-07-26 21:16:54'),(1643,6,'users','show','2010-07-26 21:16:54','2010-07-26 21:16:54'),(1644,6,'matches','index','2010-07-26 21:20:36','2010-07-26 21:20:36'),(1645,6,'matches','index','2010-07-26 21:20:38','2010-07-26 21:20:38'),(1646,6,'matches','new','2010-07-26 21:20:41','2010-07-26 21:20:41'),(1647,6,'courses','find_like_by_name','2010-07-26 21:20:45','2010-07-26 21:20:45'),(1648,6,'courses','find_like_by_name','2010-07-26 21:20:49','2010-07-26 21:20:49'),(1649,6,'courses','find_like_by_name','2010-07-26 21:20:51','2010-07-26 21:20:51'),(1650,6,'courses','find_like_by_name','2010-07-26 21:20:55','2010-07-26 21:20:55'),(1651,6,'courses','find_like_by_name','2010-07-26 21:20:55','2010-07-26 21:20:55'),(1652,6,'courses','find_like_by_name','2010-07-26 21:20:57','2010-07-26 21:20:57'),(1653,6,'courses','find_like_by_name','2010-07-26 21:20:59','2010-07-26 21:20:59'),(1654,6,'courses','find_like_by_name','2010-07-26 21:21:00','2010-07-26 21:21:00'),(1655,6,'courses','find_like_by_name','2010-07-26 21:21:06','2010-07-26 21:21:06'),(1656,6,'matches','create','2010-07-26 21:21:30','2010-07-26 21:21:30'),(1657,6,'matches','show','2010-07-26 21:21:30','2010-07-26 21:21:30'),(1658,6,'course_images','show','2010-07-26 21:21:32','2010-07-26 21:21:32'),(1659,6,'players','index','2010-07-26 21:21:32','2010-07-26 21:21:32'),(1660,6,'users','show','2010-07-26 21:21:47','2010-07-26 21:21:47'),(1661,6,'privacy_friends','new','2010-07-26 21:21:49','2010-07-26 21:21:49'),(1662,6,'privacy_friends','destroy','2010-07-26 21:22:08','2010-07-26 21:22:08'),(1663,6,'privacy_friends','new','2010-07-26 21:22:08','2010-07-26 21:22:08'),(1664,6,'users','public_users','2010-07-26 21:22:12','2010-07-26 21:22:12'),(1665,6,'privacy_friends','create','2010-07-26 21:22:16','2010-07-26 21:22:16'),(1666,6,'privacy_friends','new','2010-07-26 21:22:16','2010-07-26 21:22:16'),(1667,6,'session','destroy','2010-07-26 21:22:23','2010-07-26 21:22:23'),(1668,0,'home','index','2010-07-26 21:22:23','2010-07-26 21:22:23'),(1669,0,'session','new','2010-07-26 21:22:23','2010-07-26 21:22:23'),(1670,0,'session','create','2010-07-26 21:22:29','2010-07-26 21:22:29'),(1671,1,'home','index','2010-07-26 21:22:29','2010-07-26 21:22:29'),(1672,1,'privacy_friends','new','2010-07-26 21:22:44','2010-07-26 21:22:44'),(1673,1,'privacy_friends','allow','2010-07-26 21:23:13','2010-07-26 21:23:13'),(1674,1,'privacy_friends','new','2010-07-26 21:23:14','2010-07-26 21:23:14'),(1675,1,'session','destroy','2010-07-26 21:23:17','2010-07-26 21:23:17'),(1676,0,'home','index','2010-07-26 21:23:17','2010-07-26 21:23:17'),(1677,0,'session','new','2010-07-26 21:23:17','2010-07-26 21:23:17'),(1678,0,'session','create','2010-07-26 21:23:23','2010-07-26 21:23:23'),(1679,6,'home','index','2010-07-26 21:23:23','2010-07-26 21:23:23'),(1680,6,'matches','index','2010-07-26 21:23:27','2010-07-26 21:23:27'),(1681,6,'matches','index','2010-07-26 21:23:29','2010-07-26 21:23:29'),(1682,6,'matches','index','2010-07-26 21:25:59','2010-07-26 21:25:59'),(1683,6,'matches','index','2010-07-26 21:26:01','2010-07-26 21:26:01'),(1684,6,'matches','index','2010-07-26 21:30:31','2010-07-26 21:30:31'),(1685,6,'matches','index','2010-07-26 21:30:32','2010-07-26 21:30:32'),(1686,0,'session','new','2010-07-27 14:37:26','2010-07-27 14:37:26'),(1687,0,'session','create','2010-07-27 14:37:30','2010-07-27 14:37:30'),(1688,1,'home','index','2010-07-27 14:37:31','2010-07-27 14:37:31'),(1689,1,'home','index','2010-07-27 14:39:30','2010-07-27 14:39:30'),(1690,1,'privacy_friends','new','2010-07-27 14:40:18','2010-07-27 14:40:18'),(1691,1,'home','index','2010-07-27 14:40:23','2010-07-27 14:40:23'),(1692,1,'home','index','2010-07-27 14:42:38','2010-07-27 14:42:38'),(1693,1,'charts','pie_courses','2010-07-27 15:35:10','2010-07-27 15:35:10'),(1694,1,'charts','pie_courses','2010-07-27 15:38:33','2010-07-27 15:38:33'),(1695,1,'charts','pie_courses','2010-07-27 15:40:28','2010-07-27 15:40:28'),(1696,1,'charts','pie_courses','2010-07-27 15:45:04','2010-07-27 15:45:04'),(1697,1,'charts','pie_courses','2010-07-27 19:00:15','2010-07-27 19:00:15'),(1698,1,'charts','pie_courses','2010-07-27 19:00:40','2010-07-27 19:00:40'),(1699,1,'charts','pie_courses','2010-07-27 19:00:45','2010-07-27 19:00:45'),(1700,1,'charts','pie_courses','2010-07-27 19:01:01','2010-07-27 19:01:01'),(1701,1,'charts','pie_courses','2010-07-27 19:01:08','2010-07-27 19:01:08'),(1702,1,'charts','pie_courses','2010-07-27 19:01:22','2010-07-27 19:01:22'),(1703,1,'home','index','2010-07-27 19:01:28','2010-07-27 19:01:28'),(1704,1,'charts','pie_courses','2010-07-27 19:01:41','2010-07-27 19:01:41'),(1705,1,'home','index','2010-07-27 19:01:46','2010-07-27 19:01:46'),(1706,1,'home','index','2010-07-27 19:03:22','2010-07-27 19:03:22'),(1707,1,'charts','pie_courses','2010-07-27 19:03:25','2010-07-27 19:03:25'),(1708,1,'charts','pie_courses','2010-07-27 19:03:37','2010-07-27 19:03:37'),(1709,1,'charts','pie_courses','2010-07-27 19:03:51','2010-07-27 19:03:51'),(1710,1,'charts','pie_courses','2010-07-27 19:04:15','2010-07-27 19:04:15'),(1711,1,'charts','pie_courses','2010-07-27 19:04:35','2010-07-27 19:04:35'),(1712,1,'charts','pie_courses','2010-07-27 19:04:39','2010-07-27 19:04:39'),(1713,1,'charts','pie_courses','2010-07-27 19:05:04','2010-07-27 19:05:04'),(1714,1,'charts','pie_courses','2010-07-27 19:05:29','2010-07-27 19:05:29'),(1715,1,'charts','pie_courses','2010-07-27 19:05:39','2010-07-27 19:05:39'),(1716,1,'charts','pie_courses','2010-07-27 19:06:03','2010-07-27 19:06:03'),(1717,1,'charts','pie_courses','2010-07-27 19:06:10','2010-07-27 19:06:10'),(1718,1,'charts','pie_courses','2010-07-27 19:06:18','2010-07-27 19:06:18'),(1719,1,'charts','pie_courses','2010-07-27 19:06:28','2010-07-27 19:06:28'),(1720,1,'charts','pie_courses','2010-07-27 19:06:40','2010-07-27 19:06:40'),(1721,1,'charts','pie_courses','2010-07-27 19:06:46','2010-07-27 19:06:46'),(1722,1,'charts','pie_courses','2010-07-27 19:06:51','2010-07-27 19:06:51'),(1723,1,'charts','pie_courses','2010-07-27 19:06:55','2010-07-27 19:06:55'),(1724,1,'charts','pie_courses','2010-07-27 19:07:22','2010-07-27 19:07:22'),(1725,1,'charts','pie_courses','2010-07-27 19:07:38','2010-07-27 19:07:38'),(1726,1,'charts','pie_courses','2010-07-27 21:02:10','2010-07-27 21:02:10'),(1727,1,'charts','pie_courses','2010-07-27 21:03:40','2010-07-27 21:03:40'),(1728,1,'charts','pie_courses','2010-07-27 21:06:39','2010-07-27 21:06:39'),(1729,1,'charts','pie_courses','2010-07-27 21:07:08','2010-07-27 21:07:08'),(1730,1,'charts','pie_courses','2010-07-27 21:08:25','2010-07-27 21:08:25'),(1731,1,'charts','pie_courses','2010-07-27 21:08:59','2010-07-27 21:08:59'),(1732,1,'charts','pie_courses','2010-07-27 21:16:39','2010-07-27 21:16:39'),(1733,1,'charts','pie_courses','2010-07-27 21:19:08','2010-07-27 21:19:08'),(1734,1,'charts','pie_courses','2010-07-27 21:19:46','2010-07-27 21:19:46'),(1735,1,'charts','pie_courses','2010-07-27 21:30:26','2010-07-27 21:30:26'),(1736,1,'charts','pie_courses','2010-07-27 21:31:04','2010-07-27 21:31:04'),(1737,1,'charts','pie_courses','2010-07-27 21:34:31','2010-07-27 21:34:31'),(1738,1,'charts','pie_courses','2010-07-27 21:36:04','2010-07-27 21:36:04'),(1739,1,'charts','pie_courses','2010-07-27 21:37:38','2010-07-27 21:37:38'),(1740,1,'charts','pie_courses','2010-07-27 21:37:56','2010-07-27 21:37:56'),(1741,1,'charts','pie_courses','2010-07-27 21:38:22','2010-07-27 21:38:22'),(1742,1,'charts','pie_courses','2010-07-27 21:38:37','2010-07-27 21:38:37'),(1743,1,'charts','pie_courses','2010-07-27 21:38:47','2010-07-27 21:38:47'),(1744,1,'charts','pie_courses','2010-07-27 21:43:09','2010-07-27 21:43:09'),(1745,1,'home','index','2010-07-27 21:45:02','2010-07-27 21:45:02'),(1746,1,'home','index','2010-07-27 21:45:46','2010-07-27 21:45:46'),(1747,1,'matches','index','2010-07-27 21:46:50','2010-07-27 21:46:50'),(1748,1,'matches','index','2010-07-27 21:46:52','2010-07-27 21:46:52'),(1749,1,'charts','pie_courses','2010-07-27 21:46:53','2010-07-27 21:46:53'),(1750,1,'charts','pie_courses','2010-07-27 21:48:23','2010-07-27 21:48:23'),(1751,1,'charts','pie_courses','2010-07-27 21:48:55','2010-07-27 21:48:55'),(1752,1,'charts','pie_courses','2010-07-27 21:53:24','2010-07-27 21:53:24'),(1753,1,'charts','pie_courses','2010-07-27 21:54:29','2010-07-27 21:54:29'),(1754,1,'charts','pie_courses','2010-07-27 21:54:49','2010-07-27 21:54:49'),(1755,1,'charts','pie_courses','2010-07-27 21:54:55','2010-07-27 21:54:55'),(1756,1,'charts','pie_courses','2010-07-27 21:55:02','2010-07-27 21:55:02'),(1757,1,'charts','pie_courses','2010-07-27 21:55:09','2010-07-27 21:55:09'),(1758,1,'charts','pie_courses','2010-07-27 21:55:25','2010-07-27 21:55:25'),(1759,1,'charts','pie_courses','2010-07-27 21:55:54','2010-07-27 21:55:54'),(1760,1,'charts','pie_courses','2010-07-27 21:56:24','2010-07-27 21:56:24'),(1761,1,'charts','pie_courses','2010-07-27 21:56:32','2010-07-27 21:56:32'),(1762,1,'charts','pie_courses','2010-07-27 21:56:39','2010-07-27 21:56:39'),(1763,1,'charts','pie_courses','2010-07-27 21:56:45','2010-07-27 21:56:45'),(1764,1,'charts','pie_courses','2010-07-27 21:56:49','2010-07-27 21:56:49'),(1765,1,'charts','pie_courses','2010-07-27 21:57:33','2010-07-27 21:57:33'),(1766,1,'charts','pie_courses','2010-07-27 21:57:51','2010-07-27 21:57:51'),(1767,1,'charts','pie_courses','2010-07-27 21:58:29','2010-07-27 21:58:29'),(1768,1,'charts','pie_courses','2010-07-27 21:58:45','2010-07-27 21:58:45'),(1769,1,'charts','pie_courses','2010-07-27 21:58:53','2010-07-27 21:58:53'),(1770,1,'charts','pie_courses','2010-07-27 21:59:05','2010-07-27 21:59:05'),(1771,1,'charts','pie_courses','2010-07-27 21:59:49','2010-07-27 21:59:49'),(1772,1,'charts','pie_courses','2010-07-27 21:59:53','2010-07-27 21:59:53'),(1773,1,'charts','pie_courses','2010-07-27 22:00:12','2010-07-27 22:00:12'),(1774,1,'charts','pie_courses','2010-07-27 22:00:19','2010-07-27 22:00:19'),(1775,1,'charts','pie_courses','2010-07-27 22:01:19','2010-07-27 22:01:19'),(1776,1,'home','index','2010-07-27 22:01:55','2010-07-27 22:01:55'),(1777,1,'courses','index','2010-07-27 22:03:03','2010-07-27 22:03:03'),(1778,1,'course_images','show','2010-07-27 22:03:04','2010-07-27 22:03:04'),(1779,0,'session','new','2010-07-28 13:30:18','2010-07-28 13:30:18'),(1780,0,'session','create','2010-07-28 13:50:43','2010-07-28 13:50:43'),(1781,1,'home','index','2010-07-28 13:50:43','2010-07-28 13:50:43'),(1782,1,'charts','pie_courses','2010-07-28 13:51:48','2010-07-28 13:51:48'),(1783,1,'charts','pie_courses','2010-07-28 13:52:13','2010-07-28 13:52:13'),(1784,1,'charts','pie_courses','2010-07-28 13:52:23','2010-07-28 13:52:23'),(1785,1,'charts','pie_courses','2010-07-28 13:55:26','2010-07-28 13:55:26'),(1786,1,'charts','pie_courses','2010-07-28 14:24:08','2010-07-28 14:24:08'),(1787,1,'charts','pie_courses','2010-07-28 14:24:22','2010-07-28 14:24:22'),(1788,1,'courses','index','2010-07-28 14:27:03','2010-07-28 14:27:03'),(1789,1,'course_images','show','2010-07-28 14:27:04','2010-07-28 14:27:04'),(1790,1,'courses','index','2010-07-28 14:34:12','2010-07-28 14:34:12'),(1791,1,'course_images','show','2010-07-28 14:34:13','2010-07-28 14:34:13'),(1792,1,'courses','index','2010-07-28 14:44:46','2010-07-28 14:44:46'),(1793,1,'course_images','show','2010-07-28 14:44:47','2010-07-28 14:44:47'),(1794,1,'courses','index','2010-07-28 14:44:58','2010-07-28 14:44:58'),(1795,1,'course_images','show','2010-07-28 14:44:59','2010-07-28 14:44:59'),(1796,1,'courses','index','2010-07-28 14:45:15','2010-07-28 14:45:15'),(1797,1,'course_images','show','2010-07-28 14:45:16','2010-07-28 14:45:16'),(1798,1,'courses','index','2010-07-28 14:45:44','2010-07-28 14:45:44'),(1799,1,'course_images','show','2010-07-28 14:45:45','2010-07-28 14:45:45'),(1800,1,'courses','index','2010-07-28 14:45:55','2010-07-28 14:45:55'),(1801,1,'course_images','show','2010-07-28 14:45:56','2010-07-28 14:45:56'),(1802,1,'courses','index','2010-07-28 14:46:18','2010-07-28 14:46:18'),(1803,1,'course_images','show','2010-07-28 14:46:19','2010-07-28 14:46:19'),(1804,1,'courses','index','2010-07-28 14:46:35','2010-07-28 14:46:35'),(1805,1,'course_images','show','2010-07-28 14:46:36','2010-07-28 14:46:36'),(1806,1,'courses','index','2010-07-28 14:46:45','2010-07-28 14:46:45'),(1807,1,'course_images','show','2010-07-28 14:46:45','2010-07-28 14:46:45'),(1808,1,'courses','index','2010-07-28 14:46:59','2010-07-28 14:46:59'),(1809,1,'course_images','show','2010-07-28 14:47:00','2010-07-28 14:47:00'),(1810,1,'courses','index','2010-07-28 14:47:24','2010-07-28 14:47:24'),(1811,1,'course_images','show','2010-07-28 14:47:25','2010-07-28 14:47:25'),(1812,1,'courses','index','2010-07-28 14:47:56','2010-07-28 14:47:56'),(1813,1,'course_images','show','2010-07-28 14:47:57','2010-07-28 14:47:57'),(1814,1,'courses','index','2010-07-28 15:07:38','2010-07-28 15:07:38'),(1815,1,'course_images','show','2010-07-28 15:07:39','2010-07-28 15:07:39'),(1816,1,'courses','index','2010-07-28 15:08:18','2010-07-28 15:08:18'),(1817,1,'course_images','show','2010-07-28 15:08:19','2010-07-28 15:08:19'),(1818,1,'courses','index','2010-07-28 15:08:22','2010-07-28 15:08:22'),(1819,1,'course_images','show','2010-07-28 15:08:23','2010-07-28 15:08:23'),(1820,1,'courses','index','2010-07-28 15:08:38','2010-07-28 15:08:38'),(1821,1,'course_images','show','2010-07-28 15:08:39','2010-07-28 15:08:39'),(1822,1,'courses','index','2010-07-28 15:08:57','2010-07-28 15:08:57'),(1823,1,'course_images','show','2010-07-28 15:08:58','2010-07-28 15:08:58'),(1824,1,'courses','index','2010-07-28 15:09:16','2010-07-28 15:09:16'),(1825,1,'course_images','show','2010-07-28 15:09:17','2010-07-28 15:09:17'),(1826,1,'courses','show','2010-07-28 15:09:21','2010-07-28 15:09:21'),(1827,1,'courses','images','2010-07-28 15:09:22','2010-07-28 15:09:22'),(1828,1,'course_images','show','2010-07-28 15:09:23','2010-07-28 15:09:23'),(1829,1,'course_images','show','2010-07-28 15:09:23','2010-07-28 15:09:23'),(1830,1,'course_images','show','2010-07-28 15:09:23','2010-07-28 15:09:23'),(1831,1,'course_images','show','2010-07-28 15:09:24','2010-07-28 15:09:24'),(1832,1,'course_images','show','2010-07-28 15:09:24','2010-07-28 15:09:24'),(1833,1,'courses','index','2010-07-28 15:10:09','2010-07-28 15:10:09'),(1834,1,'course_images','show','2010-07-28 15:10:10','2010-07-28 15:10:10'),(1835,1,'home','index','2010-07-28 15:10:29','2010-07-28 15:10:29'),(1836,1,'matches','index','2010-07-28 15:11:58','2010-07-28 15:11:58'),(1837,1,'matches','index','2010-07-28 15:12:00','2010-07-28 15:12:00'),(1838,1,'matches','index','2010-07-28 15:12:11','2010-07-28 15:12:11'),(1839,1,'matches','index','2010-07-28 15:12:12','2010-07-28 15:12:12'),(1840,1,'matches','index','2010-07-28 15:13:05','2010-07-28 15:13:05'),(1841,1,'matches','index','2010-07-28 15:13:06','2010-07-28 15:13:06'),(1842,1,'matches','index','2010-07-28 15:13:38','2010-07-28 15:13:38'),(1843,1,'matches','index','2010-07-28 15:13:50','2010-07-28 15:13:50'),(1844,1,'matches','index','2010-07-28 15:13:51','2010-07-28 15:13:51'),(1845,1,'courses','find_like_by_name','2010-07-28 15:13:56','2010-07-28 15:13:56'),(1846,1,'matches','index','2010-07-28 15:13:58','2010-07-28 15:13:58'),(1847,1,'matches','index','2010-07-28 15:13:59','2010-07-28 15:13:59'),(1848,1,'matches','index','2010-07-28 15:14:02','2010-07-28 15:14:02'),(1849,1,'matches','index','2010-07-28 15:14:03','2010-07-28 15:14:03'),(1850,1,'matches','new','2010-07-28 15:14:07','2010-07-28 15:14:07'),(1851,1,'courses','find_like_by_name','2010-07-28 15:14:13','2010-07-28 15:14:13'),(1852,1,'matches','new','2010-07-28 15:14:47','2010-07-28 15:14:47'),(1853,1,'matches','new','2010-07-28 15:15:34','2010-07-28 15:15:34'),(1854,1,'courses','find_like_by_name','2010-07-28 15:15:38','2010-07-28 15:15:38'),(1855,1,'matches','index','2010-07-28 15:15:47','2010-07-28 15:15:47'),(1856,1,'matches','index','2010-07-28 15:15:48','2010-07-28 15:15:48'),(1857,1,'courses','index','2010-07-28 15:15:50','2010-07-28 15:15:50'),(1858,1,'course_images','show','2010-07-28 15:15:51','2010-07-28 15:15:51'),(1859,1,'home','index','2010-07-28 15:15:58','2010-07-28 15:15:58'),(1860,1,'matches','index','2010-07-28 15:18:38','2010-07-28 15:18:38'),(1861,1,'matches','index','2010-07-28 15:18:39','2010-07-28 15:18:39'),(1862,1,'matches','best_matches','2010-07-28 15:18:43','2010-07-28 15:18:43'),(1863,1,'matches','best_matches','2010-07-28 15:18:44','2010-07-28 15:18:44'),(1864,1,'matches','show','2010-07-28 15:35:53','2010-07-28 15:35:53'),(1865,1,'matches','show','2010-07-28 15:35:57','2010-07-28 15:35:57'),(1866,1,'matches','show','2010-07-28 15:35:59','2010-07-28 15:35:59'),(1867,1,'matches','show','2010-07-28 15:36:01','2010-07-28 15:36:01'),(1868,1,'matches','show','2010-07-28 15:36:02','2010-07-28 15:36:02'),(1869,1,'matches','index','2010-07-28 15:36:04','2010-07-28 15:36:04'),(1870,1,'matches','index','2010-07-28 15:36:06','2010-07-28 15:36:06'),(1871,1,'matches','last_matches','2010-07-28 15:36:10','2010-07-28 15:36:10'),(1872,1,'matches','last_matches','2010-07-28 15:36:12','2010-07-28 15:36:12'),(1873,1,'matches','show','2010-07-28 15:36:20','2010-07-28 15:36:20'),(1874,1,'matches','index','2010-07-28 15:36:23','2010-07-28 15:36:23'),(1875,1,'matches','index','2010-07-28 15:36:24','2010-07-28 15:36:24'),(1876,1,'players','index','2010-07-28 15:36:26','2010-07-28 15:36:26'),(1877,1,'matches','last_matches','2010-07-28 15:36:28','2010-07-28 15:36:28'),(1878,1,'matches','last_matches','2010-07-28 15:36:29','2010-07-28 15:36:29'),(1879,1,'matches','show','2010-07-28 15:36:32','2010-07-28 15:36:32'),(1880,1,'matches','show','2010-07-28 15:36:34','2010-07-28 15:36:34'),(1881,1,'matches','last_matches','2010-07-28 15:38:11','2010-07-28 15:38:11'),(1882,1,'matches','last_matches','2010-07-28 15:38:12','2010-07-28 15:38:12'),(1883,1,'matches','index','2010-07-28 15:38:14','2010-07-28 15:38:14'),(1884,1,'matches','index','2010-07-28 15:38:16','2010-07-28 15:38:16'),(1885,1,'matches','last_matches','2010-07-28 15:38:17','2010-07-28 15:38:17'),(1886,1,'matches','last_matches','2010-07-28 15:38:19','2010-07-28 15:38:19'),(1887,1,'matches','show','2010-07-28 15:38:21','2010-07-28 15:38:21'),(1888,1,'matches','index','2010-07-28 15:38:45','2010-07-28 15:38:45'),(1889,1,'matches','index','2010-07-28 15:38:46','2010-07-28 15:38:46'),(1890,1,'players','index','2010-07-28 15:39:00','2010-07-28 15:39:00'),(1891,1,'matches','last_matches','2010-07-28 15:39:05','2010-07-28 15:39:05'),(1892,1,'matches','last_matches','2010-07-28 15:39:07','2010-07-28 15:39:07'),(1893,1,'matches','show','2010-07-28 15:39:09','2010-07-28 15:39:09'),(1894,1,'matches','show','2010-07-28 15:39:17','2010-07-28 15:39:17'),(1895,1,'matches','index','2010-07-28 15:39:22','2010-07-28 15:39:22'),(1896,1,'matches','index','2010-07-28 15:39:24','2010-07-28 15:39:24'),(1897,1,'players','index','2010-07-28 15:39:27','2010-07-28 15:39:27'),(1898,1,'players','index','2010-07-28 15:39:30','2010-07-28 15:39:30'),(1899,1,'matches','show','2010-07-28 15:39:48','2010-07-28 15:39:48'),(1900,1,'matches','index','2010-07-28 15:39:53','2010-07-28 15:39:53'),(1901,1,'matches','index','2010-07-28 15:39:55','2010-07-28 15:39:55'),(1902,1,'matches','last_matches','2010-07-28 15:39:58','2010-07-28 15:39:58'),(1903,1,'matches','last_matches','2010-07-28 15:39:59','2010-07-28 15:39:59'),(1904,1,'players','index','2010-07-28 15:40:02','2010-07-28 15:40:02'),(1905,1,'matches','best_matches','2010-07-28 15:40:09','2010-07-28 15:40:09'),(1906,1,'matches','best_matches','2010-07-28 15:40:11','2010-07-28 15:40:11'),(1907,1,'players','index','2010-07-28 15:40:13','2010-07-28 15:40:13'),(1908,1,'players','index','2010-07-28 15:40:19','2010-07-28 15:40:19'),(1909,1,'players','index','2010-07-28 15:40:22','2010-07-28 15:40:22'),(1910,1,'players','index','2010-07-28 15:40:27','2010-07-28 15:40:27'),(1911,1,'matches','last_month','2010-07-28 15:40:58','2010-07-28 15:40:58'),(1912,1,'matches','last_month','2010-07-28 15:41:00','2010-07-28 15:41:00'),(1913,1,'matches','best_matches','2010-07-28 15:41:01','2010-07-28 15:41:01'),(1914,1,'matches','best_matches','2010-07-28 15:41:03','2010-07-28 15:41:03'),(1915,1,'matches','edit','2010-07-28 15:41:19','2010-07-28 15:41:19'),(1916,1,'matches','edit','2010-07-28 15:41:53','2010-07-28 15:41:53'),(1917,1,'matches','index','2010-07-28 15:41:59','2010-07-28 15:41:59'),(1918,1,'matches','index','2010-07-28 15:42:01','2010-07-28 15:42:01'),(1919,1,'matches','edit','2010-07-28 15:42:03','2010-07-28 15:42:03'),(1920,1,'matches','show','2010-07-28 15:42:11','2010-07-28 15:42:11'),(1921,1,'players','index','2010-07-28 15:42:13','2010-07-28 15:42:13'),(1922,1,'matches','new','2010-07-28 15:42:26','2010-07-28 15:42:26'),(1923,1,'matches','new','2010-07-28 15:43:15','2010-07-28 15:43:15'),(1924,1,'matches','new','2010-07-28 15:43:27','2010-07-28 15:43:27'),(1925,1,'matches','new','2010-07-28 15:43:36','2010-07-28 15:43:36'),(1926,1,'matches','index','2010-07-28 15:43:42','2010-07-28 15:43:42'),(1927,1,'matches','index','2010-07-28 15:43:44','2010-07-28 15:43:44'),(1928,1,'matches','index','2010-07-28 16:46:54','2010-07-28 16:46:54'),(1929,1,'matches','index','2010-07-28 16:46:56','2010-07-28 16:46:56'),(1930,1,'players','index','2010-07-28 16:46:57','2010-07-28 16:46:57'),(1931,1,'matches','index','2010-07-28 16:47:14','2010-07-28 16:47:14'),(1932,1,'matches','index','2010-07-28 16:47:15','2010-07-28 16:47:15'),(1933,1,'players','index','2010-07-28 16:47:17','2010-07-28 16:47:17'),(1934,1,'matches','index','2010-07-28 16:47:25','2010-07-28 16:47:25'),(1935,1,'matches','index','2010-07-28 16:47:27','2010-07-28 16:47:27'),(1936,1,'courses','index','2010-07-28 16:47:31','2010-07-28 16:47:31'),(1937,1,'course_images','show','2010-07-28 16:47:32','2010-07-28 16:47:32'),(1938,1,'matches','index','2010-07-28 16:47:50','2010-07-28 16:47:50'),(1939,1,'matches','index','2010-07-28 16:47:51','2010-07-28 16:47:51'),(1940,1,'matches','last_matches','2010-07-28 16:57:21','2010-07-28 16:57:21'),(1941,1,'matches','last_matches','2010-07-28 16:57:22','2010-07-28 16:57:22'),(1942,1,'matches','best_matches','2010-07-28 16:57:34','2010-07-28 16:57:34'),(1943,1,'matches','best_matches','2010-07-28 16:57:35','2010-07-28 16:57:35'),(1944,1,'matches','last_month','2010-07-28 16:57:37','2010-07-28 16:57:37'),(1945,1,'matches','last_month','2010-07-28 16:57:38','2010-07-28 16:57:38'),(1946,1,'matches','best_matches','2010-07-28 16:57:43','2010-07-28 16:57:43'),(1947,1,'matches','best_matches','2010-07-28 16:57:44','2010-07-28 16:57:44'),(1948,1,'matches','best_matches','2010-07-28 17:04:10','2010-07-28 17:04:10'),(1949,1,'matches','best_matches','2010-07-28 17:04:12','2010-07-28 17:04:12'),(1950,1,'matches','best_matches','2010-07-28 17:04:13','2010-07-28 17:04:13'),(1951,1,'matches','best_matches','2010-07-28 17:04:15','2010-07-28 17:04:15'),(1952,1,'matches','best_matches','2010-07-28 17:16:38','2010-07-28 17:16:38'),(1953,1,'matches','best_matches','2010-07-28 17:16:39','2010-07-28 17:16:39'),(1954,1,'courses','find_like_by_name','2010-07-28 17:16:44','2010-07-28 17:16:44'),(1955,1,'courses','find_like_by_name','2010-07-28 17:16:45','2010-07-28 17:16:45'),(1956,1,'matches','best_matches','2010-07-28 17:16:47','2010-07-28 17:16:47'),(1957,1,'matches','best_matches','2010-07-28 17:16:49','2010-07-28 17:16:49'),(1958,1,'matches','best_matches','2010-07-28 17:17:23','2010-07-28 17:17:23'),(1959,1,'matches','best_matches','2010-07-28 17:17:24','2010-07-28 17:17:24'),(1960,1,'matches','index','2010-07-28 17:17:27','2010-07-28 17:17:27'),(1961,1,'matches','index','2010-07-28 17:17:29','2010-07-28 17:17:29'),(1962,1,'courses','find_like_by_name','2010-07-28 17:21:14','2010-07-28 17:21:14'),(1963,1,'matches','index','2010-07-28 17:21:20','2010-07-28 17:21:20'),(1964,1,'matches','index','2010-07-28 17:21:22','2010-07-28 17:21:22'),(1965,1,'matches','index','2010-07-28 17:21:26','2010-07-28 17:21:26'),(1966,1,'matches','index','2010-07-28 17:22:51','2010-07-28 17:22:51'),(1967,1,'matches','index','2010-07-28 17:22:53','2010-07-28 17:22:53'),(1968,1,'matches','index','2010-07-28 17:23:03','2010-07-28 17:23:03'),(1969,1,'matches','index','2010-07-28 17:23:04','2010-07-28 17:23:04'),(1970,1,'matches','index','2010-07-28 17:23:06','2010-07-28 17:23:06'),(1971,1,'matches','index','2010-07-28 17:23:08','2010-07-28 17:23:08'),(1972,1,'courses','find_like_by_name','2010-07-28 17:23:12','2010-07-28 17:23:12'),(1973,1,'matches','index','2010-07-28 17:23:14','2010-07-28 17:23:14'),(1974,1,'matches','index','2010-07-28 17:23:15','2010-07-28 17:23:15'),(1975,1,'matches','index','2010-07-28 17:23:17','2010-07-28 17:23:17'),(1976,1,'matches','index','2010-07-28 17:23:19','2010-07-28 17:23:19'),(1977,1,'users','show','2010-07-28 17:24:00','2010-07-28 17:24:00'),(1978,1,'users','edit','2010-07-28 17:24:03','2010-07-28 17:24:03'),(1979,1,'users','update','2010-07-28 17:24:17','2010-07-28 17:24:17'),(1980,1,'users','show','2010-07-28 17:24:18','2010-07-28 17:24:18'),(1981,1,'session','destroy','2010-07-28 17:24:20','2010-07-28 17:24:20'),(1982,0,'home','index','2010-07-28 17:24:21','2010-07-28 17:24:21'),(1983,0,'session','new','2010-07-28 17:24:21','2010-07-28 17:24:21'),(1984,0,'session','create','2010-07-28 17:24:30','2010-07-28 17:24:30'),(1985,0,'session','create','2010-07-28 17:24:39','2010-07-28 17:24:39'),(1986,1,'home','index','2010-07-28 17:24:39','2010-07-28 17:24:39'),(1987,1,'courses','index','2010-07-28 17:28:11','2010-07-28 17:28:11'),(1988,1,'course_images','show','2010-07-28 17:28:12','2010-07-28 17:28:12'),(1989,1,'courses','index','2010-07-28 17:29:50','2010-07-28 17:29:50'),(1990,1,'course_images','show','2010-07-28 17:29:51','2010-07-28 17:29:51'),(1991,1,'courses','index','2010-07-28 17:30:10','2010-07-28 17:30:10'),(1992,1,'course_images','show','2010-07-28 17:30:11','2010-07-28 17:30:11'),(1993,1,'courses','index','2010-07-28 17:30:28','2010-07-28 17:30:28'),(1994,1,'course_images','show','2010-07-28 17:30:29','2010-07-28 17:30:29'),(1995,1,'courses','index','2010-07-28 17:30:43','2010-07-28 17:30:43'),(1996,1,'course_images','show','2010-07-28 17:30:44','2010-07-28 17:30:44'),(1997,1,'matches','index','2010-07-28 17:31:08','2010-07-28 17:31:08'),(1998,1,'matches','index','2010-07-28 17:31:09','2010-07-28 17:31:09'),(1999,1,'matches','best_matches','2010-07-28 17:31:13','2010-07-28 17:31:13'),(2000,1,'matches','best_matches','2010-07-28 17:31:14','2010-07-28 17:31:14'),(2001,1,'courses','index','2010-07-28 17:33:41','2010-07-28 17:33:41'),(2002,1,'course_images','show','2010-07-28 17:33:42','2010-07-28 17:33:42'),(2003,1,'courses','index','2010-07-28 17:35:32','2010-07-28 17:35:32'),(2004,1,'course_images','show','2010-07-28 17:35:33','2010-07-28 17:35:33'),(2005,1,'courses','index','2010-07-28 17:37:32','2010-07-28 17:37:32'),(2006,1,'course_images','show','2010-07-28 17:37:33','2010-07-28 17:37:33'),(2007,1,'matches','index','2010-07-28 17:38:29','2010-07-28 17:38:29'),(2008,1,'matches','index','2010-07-28 17:38:31','2010-07-28 17:38:31'),(2009,1,'courses','index','2010-07-28 17:38:33','2010-07-28 17:38:33'),(2010,1,'course_images','show','2010-07-28 17:38:34','2010-07-28 17:38:34'),(2011,1,'matches','index','2010-07-28 17:38:43','2010-07-28 17:38:43'),(2012,1,'matches','index','2010-07-28 17:38:45','2010-07-28 17:38:45'),(2013,1,'matches','last_matches','2010-07-28 17:38:47','2010-07-28 17:38:47'),(2014,1,'matches','last_matches','2010-07-28 17:38:49','2010-07-28 17:38:49'),(2015,1,'courses','index','2010-07-28 17:39:03','2010-07-28 17:39:03'),(2016,1,'course_images','show','2010-07-28 17:39:04','2010-07-28 17:39:04'),(2017,1,'courses','show','2010-07-28 17:39:39','2010-07-28 17:39:39'),(2018,1,'courses','images','2010-07-28 17:39:40','2010-07-28 17:39:40'),(2019,1,'matches','index','2010-07-28 17:39:52','2010-07-28 17:39:52'),(2020,1,'matches','index','2010-07-28 17:39:53','2010-07-28 17:39:53'),(2021,1,'session','destroy','2010-07-28 17:39:58','2010-07-28 17:39:58'),(2022,0,'home','index','2010-07-28 17:39:59','2010-07-28 17:39:59'),(2023,0,'session','new','2010-07-28 17:39:59','2010-07-28 17:39:59'),(2024,0,'session','create','2010-07-28 17:40:06','2010-07-28 17:40:06'),(2025,2,'home','index','2010-07-28 17:40:06','2010-07-28 17:40:06'),(2026,2,'matches','index','2010-07-28 17:40:11','2010-07-28 17:40:11'),(2027,2,'matches','index','2010-07-28 17:40:12','2010-07-28 17:40:12'),(2028,2,'matches','index','2010-07-28 17:40:23','2010-07-28 17:40:23'),(2029,2,'matches','index','2010-07-28 17:40:25','2010-07-28 17:40:25'),(2030,2,'home','index','2010-07-28 17:40:28','2010-07-28 17:40:28'),(2031,2,'matches','index','2010-07-28 17:40:50','2010-07-28 17:40:50'),(2032,2,'matches','index','2010-07-28 17:40:52','2010-07-28 17:40:52'),(2033,2,'matches','last_month','2010-07-28 17:40:53','2010-07-28 17:40:53'),(2034,2,'matches','last_month','2010-07-28 17:40:55','2010-07-28 17:40:55'),(2035,2,'players','index','2010-07-28 17:41:03','2010-07-28 17:41:03'),(2036,2,'players','index','2010-07-28 17:41:04','2010-07-28 17:41:04'),(2037,2,'players','index','2010-07-28 17:41:07','2010-07-28 17:41:07'),(2038,2,'players','index','2010-07-28 17:41:13','2010-07-28 17:41:13'),(2039,2,'matches','index','2010-07-28 17:41:27','2010-07-28 17:41:27'),(2040,2,'matches','index','2010-07-28 17:41:28','2010-07-28 17:41:28'),(2041,2,'matches','index','2010-07-28 17:42:16','2010-07-28 17:42:16'),(2042,2,'matches','index','2010-07-28 17:42:19','2010-07-28 17:42:19'),(2043,2,'matches','index','2010-07-28 17:42:21','2010-07-28 17:42:21'),(2044,2,'matches','index','2010-07-28 17:42:26','2010-07-28 17:42:26'),(2045,2,'matches','new','2010-07-28 17:42:34','2010-07-28 17:42:34'),(2046,2,'matches','index','2010-07-28 17:42:42','2010-07-28 17:42:42'),(2047,2,'matches','index','2010-07-28 17:42:43','2010-07-28 17:42:43'),(2048,2,'home','index','2010-07-28 17:45:25','2010-07-28 17:45:25'),(2049,2,'home','index','2010-07-28 17:47:36','2010-07-28 17:47:36'),(2050,2,'charts','pie_courses','2010-07-28 17:47:46','2010-07-28 17:47:46'),(2051,2,'charts','pie_courses','2010-07-28 17:48:24','2010-07-28 17:48:24'),(2052,2,'charts','pie_courses','2010-07-28 17:49:50','2010-07-28 17:49:50'),(2053,2,'charts','pie_courses','2010-07-28 17:50:32','2010-07-28 17:50:32'),(2054,2,'home','index','2010-07-28 17:51:24','2010-07-28 17:51:24'),(2055,2,'session','destroy','2010-07-28 17:51:27','2010-07-28 17:51:27'),(2056,0,'home','index','2010-07-28 17:51:27','2010-07-28 17:51:27'),(2057,0,'session','new','2010-07-28 17:51:27','2010-07-28 17:51:27'),(2058,0,'session','new','2010-07-28 21:39:28','2010-07-28 21:39:28'),(2059,0,'session','create','2010-07-28 21:39:33','2010-07-28 21:39:33'),(2060,1,'home','index','2010-07-28 21:39:34','2010-07-28 21:39:34'),(2061,1,'charts','pie_courses','2010-07-28 21:39:42','2010-07-28 21:39:42'),(2062,1,'charts','pie_courses','2010-07-28 21:40:04','2010-07-28 21:40:04'),(2063,1,'charts','pie_courses','2010-07-28 21:40:24','2010-07-28 21:40:24'),(2064,1,'charts','pie_courses','2010-07-28 21:40:34','2010-07-28 21:40:34'),(2065,1,'charts','pie_courses','2010-07-28 21:40:52','2010-07-28 21:40:52'),(2066,1,'charts','pie_courses','2010-07-28 21:41:04','2010-07-28 21:41:04'),(2067,1,'charts','pie_courses','2010-07-28 21:42:56','2010-07-28 21:42:56'),(2068,1,'charts','pie_courses','2010-07-28 21:44:10','2010-07-28 21:44:10'),(2069,1,'charts','pie_courses','2010-07-28 21:44:29','2010-07-28 21:44:29'),(2070,1,'charts','pie_courses','2010-07-28 21:45:48','2010-07-28 21:45:48'),(2071,1,'charts','pie_courses','2010-07-28 21:46:04','2010-07-28 21:46:04'),(2072,1,'charts','pie_courses','2010-07-28 21:46:27','2010-07-28 21:46:27'),(2073,1,'charts','pie_courses','2010-07-28 21:46:39','2010-07-28 21:46:39'),(2074,1,'charts','pie_courses','2010-07-28 21:48:31','2010-07-28 21:48:31'),(2075,1,'charts','pie_courses','2010-07-28 21:48:32','2010-07-28 21:48:32'),(2076,1,'charts','pie_courses','2010-07-28 21:48:55','2010-07-28 21:48:55'),(2077,0,'session','new','2010-07-29 09:14:48','2010-07-29 09:14:48'),(2078,0,'session','create','2010-07-29 09:18:06','2010-07-29 09:18:06'),(2079,2,'home','index','2010-07-29 09:18:06','2010-07-29 09:18:06'),(2080,2,'privacy_friends','new','2010-07-29 09:18:09','2010-07-29 09:18:09'),(2081,2,'users','public_users','2010-07-29 09:18:15','2010-07-29 09:18:15'),(2082,2,'privacy_friends','create','2010-07-29 09:18:18','2010-07-29 09:18:18'),(2083,2,'users','public_users','2010-07-29 09:18:36','2010-07-29 09:18:36'),(2084,2,'privacy_friends','create','2010-07-29 09:18:43','2010-07-29 09:18:43'),(2085,2,'privacy_friends','new','2010-07-29 09:18:43','2010-07-29 09:18:43'),(2086,2,'users','public_users','2010-07-29 09:18:47','2010-07-29 09:18:47'),(2087,2,'privacy_friends','create','2010-07-29 09:18:51','2010-07-29 09:18:51'),(2088,2,'privacy_friends','new','2010-07-29 09:18:51','2010-07-29 09:18:51'),(2089,2,'session','destroy','2010-07-29 09:18:57','2010-07-29 09:18:57'),(2090,0,'home','index','2010-07-29 09:18:57','2010-07-29 09:18:57'),(2091,0,'session','new','2010-07-29 09:18:57','2010-07-29 09:18:57'),(2092,0,'session','create','2010-07-29 09:19:07','2010-07-29 09:19:07'),(2093,6,'home','index','2010-07-29 09:19:08','2010-07-29 09:19:08'),(2094,6,'privacy_friends','new','2010-07-29 09:19:11','2010-07-29 09:19:11'),(2095,6,'session','destroy','2010-07-29 09:19:22','2010-07-29 09:19:22'),(2096,0,'home','index','2010-07-29 09:19:22','2010-07-29 09:19:22'),(2097,0,'session','new','2010-07-29 09:19:22','2010-07-29 09:19:22'),(2098,0,'session','create','2010-07-29 09:19:28','2010-07-29 09:19:28'),(2099,3,'home','index','2010-07-29 09:19:28','2010-07-29 09:19:28'),(2100,3,'users','show','2010-07-29 09:19:32','2010-07-29 09:19:32'),(2101,3,'privacy_friends','new','2010-07-29 09:19:35','2010-07-29 09:19:35'),(2102,3,'privacy_friends','allow','2010-07-29 09:19:44','2010-07-29 09:19:44'),(2103,3,'privacy_friends','new','2010-07-29 09:19:44','2010-07-29 09:19:44'),(2104,3,'session','destroy','2010-07-29 09:19:48','2010-07-29 09:19:48'),(2105,0,'home','index','2010-07-29 09:19:48','2010-07-29 09:19:48'),(2106,0,'session','new','2010-07-29 09:19:49','2010-07-29 09:19:49'),(2107,0,'session','create','2010-07-29 09:20:05','2010-07-29 09:20:05'),(2108,0,'session','create','2010-07-29 09:20:18','2010-07-29 09:20:18'),(2109,4,'home','index','2010-07-29 09:20:18','2010-07-29 09:20:18'),(2110,4,'privacy_friends','new','2010-07-29 09:20:23','2010-07-29 09:20:23'),(2111,4,'privacy_friends','allow','2010-07-29 09:20:28','2010-07-29 09:20:28'),(2112,4,'privacy_friends','new','2010-07-29 09:20:29','2010-07-29 09:20:29'),(2113,4,'users','public_users','2010-07-29 09:20:35','2010-07-29 09:20:35'),(2114,4,'privacy_friends','create','2010-07-29 09:20:37','2010-07-29 09:20:37'),(2115,4,'privacy_friends','new','2010-07-29 09:20:38','2010-07-29 09:20:38'),(2116,4,'session','destroy','2010-07-29 09:20:41','2010-07-29 09:20:41'),(2117,0,'home','index','2010-07-29 09:20:41','2010-07-29 09:20:41'),(2118,0,'session','new','2010-07-29 09:20:41','2010-07-29 09:20:41'),(2119,0,'session','create','2010-07-29 09:20:47','2010-07-29 09:20:47'),(2120,3,'home','index','2010-07-29 09:20:47','2010-07-29 09:20:47'),(2121,3,'privacy_friends','new','2010-07-29 09:20:51','2010-07-29 09:20:51'),(2122,3,'privacy_friends','new','2010-07-29 09:22:58','2010-07-29 09:22:58'),(2123,3,'privacy_friends','new','2010-07-29 09:24:08','2010-07-29 09:24:08'),(2124,3,'privacy_friends','allow','2010-07-29 09:24:14','2010-07-29 09:24:14'),(2125,3,'privacy_friends','new','2010-07-29 09:24:15','2010-07-29 09:24:15'),(2126,3,'privacy_friends','new','2010-07-29 09:24:26','2010-07-29 09:24:26'),(2127,3,'session','destroy','2010-07-29 09:24:34','2010-07-29 09:24:34'),(2128,0,'home','index','2010-07-29 09:24:34','2010-07-29 09:24:34'),(2129,0,'session','new','2010-07-29 09:24:35','2010-07-29 09:24:35'),(2130,0,'session','create','2010-07-29 09:24:39','2010-07-29 09:24:39'),(2131,1,'home','index','2010-07-29 09:24:39','2010-07-29 09:24:39'),(2132,1,'privacy_friends','new','2010-07-29 09:24:42','2010-07-29 09:24:42'),(2133,1,'session','destroy','2010-07-29 09:24:48','2010-07-29 09:24:48'),(2134,0,'home','index','2010-07-29 09:24:49','2010-07-29 09:24:49'),(2135,0,'session','new','2010-07-29 09:24:49','2010-07-29 09:24:49'),(2136,0,'session','create','2010-07-29 09:24:54','2010-07-29 09:24:54'),(2137,2,'home','index','2010-07-29 09:24:54','2010-07-29 09:24:54'),(2138,2,'users','show','2010-07-29 09:24:57','2010-07-29 09:24:57'),(2139,2,'privacy_friends','new','2010-07-29 09:25:00','2010-07-29 09:25:00'),(2140,2,'session','destroy','2010-07-29 09:25:09','2010-07-29 09:25:09'),(2141,0,'home','index','2010-07-29 09:25:09','2010-07-29 09:25:09'),(2142,0,'session','new','2010-07-29 09:25:09','2010-07-29 09:25:09'),(2143,0,'session','create','2010-07-29 09:25:14','2010-07-29 09:25:14'),(2144,6,'home','index','2010-07-29 09:25:14','2010-07-29 09:25:14'),(2145,6,'privacy_friends','new','2010-07-29 09:25:17','2010-07-29 09:25:17'),(2146,6,'session','destroy','2010-07-29 09:25:24','2010-07-29 09:25:24'),(2147,0,'home','index','2010-07-29 09:25:24','2010-07-29 09:25:24'),(2148,0,'session','new','2010-07-29 09:25:24','2010-07-29 09:25:24'),(2149,0,'session','create','2010-07-29 09:25:31','2010-07-29 09:25:31'),(2150,3,'home','index','2010-07-29 09:25:31','2010-07-29 09:25:31'),(2151,3,'privacy_friends','new','2010-07-29 09:25:34','2010-07-29 09:25:34'),(2152,3,'session','destroy','2010-07-29 09:25:38','2010-07-29 09:25:38'),(2153,0,'home','index','2010-07-29 09:25:38','2010-07-29 09:25:38'),(2154,0,'session','new','2010-07-29 09:25:38','2010-07-29 09:25:38'),(2155,0,'session','create','2010-07-29 09:25:44','2010-07-29 09:25:44'),(2156,4,'home','index','2010-07-29 09:25:44','2010-07-29 09:25:44'),(2157,4,'privacy_friends','new','2010-07-29 09:25:48','2010-07-29 09:25:48'),(2158,4,'session','destroy','2010-07-29 09:25:53','2010-07-29 09:25:53'),(2159,0,'home','index','2010-07-29 09:25:53','2010-07-29 09:25:53'),(2160,0,'session','new','2010-07-29 09:25:53','2010-07-29 09:25:53'),(2161,0,'session','create','2010-07-29 09:25:59','2010-07-29 09:25:59'),(2162,4,'home','index','2010-07-29 09:25:59','2010-07-29 09:25:59'),(2163,4,'home','index','2010-07-29 09:30:34','2010-07-29 09:30:34'),(2164,4,'home','index','2010-07-29 09:30:38','2010-07-29 09:30:38'),(2165,4,'home','index','2010-07-29 09:34:08','2010-07-29 09:34:08'),(2166,4,'home','index','2010-07-29 09:34:25','2010-07-29 09:34:25'),(2167,4,'matches','index','2010-07-29 09:35:05','2010-07-29 09:35:05'),(2168,4,'matches','index','2010-07-29 09:35:06','2010-07-29 09:35:06'),(2169,4,'home','index','2010-07-29 09:35:11','2010-07-29 09:35:11'),(2170,4,'home','index','2010-07-29 09:38:12','2010-07-29 09:38:12'),(2171,4,'home','index','2010-07-29 09:38:50','2010-07-29 09:38:50'),(2172,4,'home','index','2010-07-29 09:40:13','2010-07-29 09:40:13'),(2173,4,'home','index','2010-07-29 09:40:48','2010-07-29 09:40:48'),(2174,4,'home','index','2010-07-29 09:41:34','2010-07-29 09:41:34'),(2175,4,'home','index','2010-07-29 09:41:59','2010-07-29 09:41:59'),(2176,4,'home','index','2010-07-29 09:42:17','2010-07-29 09:42:17'),(2177,4,'home','index','2010-07-29 09:42:33','2010-07-29 09:42:33'),(2178,4,'home','index','2010-07-29 09:42:58','2010-07-29 09:42:58'),(2179,4,'matches','index','2010-07-29 09:43:02','2010-07-29 09:43:02'),(2180,4,'matches','index','2010-07-29 09:43:04','2010-07-29 09:43:04'),(2181,4,'courses','index','2010-07-29 09:43:15','2010-07-29 09:43:15'),(2182,4,'course_images','show','2010-07-29 09:43:15','2010-07-29 09:43:15'),(2183,4,'charts','pie_courses','2010-07-29 09:43:20','2010-07-29 09:43:20'),(2184,4,'charts','pie_courses','2010-07-29 09:43:58','2010-07-29 09:43:58'),(2185,4,'users','show','2010-07-29 09:44:05','2010-07-29 09:44:05'),(2186,4,'courses','index','2010-07-29 09:44:08','2010-07-29 09:44:08'),(2187,4,'course_images','show','2010-07-29 09:44:09','2010-07-29 09:44:09'),(2188,4,'home','index','2010-07-29 09:44:11','2010-07-29 09:44:11'),(2189,4,'privacy_friends','new','2010-07-29 09:44:52','2010-07-29 09:44:52'),(2190,4,'users','show','2010-07-29 09:44:55','2010-07-29 09:44:55'),(2191,4,'home','index','2010-07-29 09:45:01','2010-07-29 09:45:01'),(2192,4,'privacy_friends','new','2010-07-29 09:45:06','2010-07-29 09:45:06'),(2193,4,'home','index','2010-07-29 09:45:08','2010-07-29 09:45:08'),(2194,4,'courses','index','2010-07-29 09:45:12','2010-07-29 09:45:12'),(2195,4,'course_images','show','2010-07-29 09:45:12','2010-07-29 09:45:12'),(2196,4,'home','index','2010-07-29 09:45:15','2010-07-29 09:45:15'),(2197,4,'session','destroy','2010-07-29 09:45:22','2010-07-29 09:45:22'),(2198,0,'home','index','2010-07-29 09:45:22','2010-07-29 09:45:22'),(2199,0,'session','new','2010-07-29 09:45:22','2010-07-29 09:45:22'),(2200,0,'session','create','2010-07-29 09:46:53','2010-07-29 09:46:53'),(2201,1,'home','index','2010-07-29 09:46:53','2010-07-29 09:46:53'),(2202,1,'session','destroy','2010-07-29 09:47:18','2010-07-29 09:47:18'),(2203,0,'home','index','2010-07-29 09:47:18','2010-07-29 09:47:18'),(2204,0,'session','new','2010-07-29 09:47:18','2010-07-29 09:47:18'),(2205,0,'session','destroy','2010-07-29 13:54:57','2010-07-29 13:54:57'),(2206,0,'home','index','2010-07-29 13:54:58','2010-07-29 13:54:58'),(2207,0,'session','new','2010-07-29 13:54:58','2010-07-29 13:54:58'),(2208,0,'session','create','2010-07-29 13:55:03','2010-07-29 13:55:03'),(2209,1,'home','index','2010-07-29 13:55:03','2010-07-29 13:55:03'),(2210,1,'home','index','2010-07-29 13:55:35','2010-07-29 13:55:35'),(2211,1,'home','index','2010-07-29 13:55:39','2010-07-29 13:55:39'),(2212,1,'home','index','2010-07-29 13:56:35','2010-07-29 13:56:35'),(2213,1,'home','index','2010-07-29 13:57:02','2010-07-29 13:57:02'),(2214,1,'home','index','2010-07-29 13:58:30','2010-07-29 13:58:30'),(2215,1,'home','index','2010-07-29 14:00:59','2010-07-29 14:00:59'),(2216,1,'home','index','2010-07-29 14:01:18','2010-07-29 14:01:18'),(2217,1,'session','destroy','2010-07-29 14:01:43','2010-07-29 14:01:43'),(2218,0,'home','index','2010-07-29 14:01:43','2010-07-29 14:01:43'),(2219,0,'session','new','2010-07-29 14:01:43','2010-07-29 14:01:43'),(2220,0,'session','new','2010-07-29 14:03:30','2010-07-29 14:03:30'),(2221,0,'session','new','2010-07-29 14:04:39','2010-07-29 14:04:39'),(2222,0,'session','new','2010-07-29 14:05:07','2010-07-29 14:05:07'),(2223,0,'session','new','2010-07-29 14:05:10','2010-07-29 14:05:10'),(2224,0,'session','new','2010-07-29 14:05:43','2010-07-29 14:05:43'),(2225,0,'session','new','2010-07-29 14:06:08','2010-07-29 14:06:08'),(2226,0,'session','new','2010-07-29 14:06:29','2010-07-29 14:06:29'),(2227,0,'microsites','ayuda','2010-07-29 14:06:38','2010-07-29 14:06:38'),(2228,0,'session','create','2010-07-29 14:07:50','2010-07-29 14:07:50'),(2229,1,'home','index','2010-07-29 14:07:51','2010-07-29 14:07:51'),(2230,1,'matches','index','2010-07-29 14:07:57','2010-07-29 14:07:57'),(2231,1,'matches','index','2010-07-29 14:07:58','2010-07-29 14:07:58'),(2232,1,'home','index','2010-07-29 14:08:01','2010-07-29 14:08:01'),(2233,1,'home','index','2010-07-29 14:10:13','2010-07-29 14:10:13'),(2234,1,'session','destroy','2010-07-29 14:10:17','2010-07-29 14:10:17'),(2235,0,'home','index','2010-07-29 14:10:17','2010-07-29 14:10:17'),(2236,0,'session','new','2010-07-29 14:10:18','2010-07-29 14:10:18'),(2237,0,'session','new','2010-07-29 14:11:05','2010-07-29 14:11:05'),(2238,0,'session','create','2010-07-29 14:11:11','2010-07-29 14:11:11'),(2239,1,'home','index','2010-07-29 14:11:11','2010-07-29 14:11:11'),(2240,1,'matches','new','2010-07-29 14:15:09','2010-07-29 14:15:09'),(2241,1,'matches','new','2010-07-29 14:34:10','2010-07-29 14:34:10'),(2242,1,'charts','pie_courses','2010-07-29 14:34:12','2010-07-29 14:34:12'),(2243,1,'charts','pie_courses','2010-07-29 14:34:26','2010-07-29 14:34:26'),(2244,1,'charts','pie_courses','2010-07-29 15:10:41','2010-07-29 15:10:41'),(2245,1,'charts','pie_courses','2010-07-29 15:11:16','2010-07-29 15:11:16'),(2246,1,'charts','pie_courses','2010-07-29 15:13:41','2010-07-29 15:13:41'),(2247,1,'charts','pie_courses','2010-07-29 15:15:06','2010-07-29 15:15:06'),(2248,1,'charts','pie_courses','2010-07-29 15:15:25','2010-07-29 15:15:25'),(2249,1,'charts','pie_courses','2010-07-29 15:16:03','2010-07-29 15:16:03'),(2250,1,'charts','pie_courses','2010-07-29 15:16:23','2010-07-29 15:16:23'),(2251,1,'charts','pie_courses','2010-07-29 15:17:05','2010-07-29 15:17:05'),(2252,1,'charts','pie_courses','2010-07-29 15:17:51','2010-07-29 15:17:51'),(2253,1,'charts','pie_courses','2010-07-29 15:18:21','2010-07-29 15:18:21'),(2254,1,'charts','pie_courses','2010-07-29 15:18:39','2010-07-29 15:18:39'),(2255,1,'charts','pie_courses','2010-07-29 15:20:15','2010-07-29 15:20:15'),(2256,1,'charts','pie_courses','2010-07-29 15:22:28','2010-07-29 15:22:28'),(2257,1,'charts','pie_courses','2010-07-29 15:23:53','2010-07-29 15:23:53'),(2258,1,'charts','pie_courses','2010-07-29 15:30:04','2010-07-29 15:30:04'),(2259,1,'charts','pie_courses','2010-07-29 15:31:07','2010-07-29 15:31:07'),(2260,0,'session','new','2010-07-29 15:31:40','2010-07-29 15:31:40'),(2261,0,'session','create','2010-07-29 15:44:11','2010-07-29 15:44:11'),(2262,1,'home','index','2010-07-29 15:44:11','2010-07-29 15:44:11'),(2263,1,'charts','pie_courses','2010-07-29 15:44:25','2010-07-29 15:44:25'),(2264,1,'charts','pie_courses','2010-07-29 15:45:57','2010-07-29 15:45:57'),(2265,1,'charts','pie_courses','2010-07-29 15:46:16','2010-07-29 15:46:16'),(2266,0,'players','index','2010-07-29 15:51:46','2010-07-29 15:51:46'),(2267,0,'players','index','2010-07-29 15:51:53','2010-07-29 15:51:53'),(2268,0,'players','index','2010-07-29 15:51:55','2010-07-29 15:51:55'),(2269,0,'players','index','2010-07-29 15:51:56','2010-07-29 15:51:56'),(2270,0,'players','index','2010-07-29 15:51:56','2010-07-29 15:51:56'),(2271,0,'players','index','2010-07-29 15:51:59','2010-07-29 15:51:59'),(2272,0,'players','index','2010-07-29 15:51:59','2010-07-29 15:51:59'),(2273,0,'players','index','2010-07-29 15:52:01','2010-07-29 15:52:01'),(2274,0,'players','index','2010-07-29 15:52:01','2010-07-29 15:52:01'),(2275,0,'home','index','2010-07-29 15:52:05','2010-07-29 15:52:05'),(2276,0,'session','new','2010-07-29 15:52:05','2010-07-29 15:52:05'),(2277,0,'session','create','2010-07-29 15:52:11','2010-07-29 15:52:11'),(2278,0,'session','create','2010-07-29 15:52:16','2010-07-29 15:52:16'),(2279,1,'home','index','2010-07-29 15:52:16','2010-07-29 15:52:16'),(2280,1,'charts','pie_courses','2010-07-29 15:52:21','2010-07-29 15:52:21'),(2281,1,'matches','index','2010-07-29 15:52:44','2010-07-29 15:52:44'),(2282,1,'matches','index','2010-07-29 15:52:45','2010-07-29 15:52:45'),(2283,1,'matches','new','2010-07-29 15:52:47','2010-07-29 15:52:47'),(2284,1,'charts','pie_courses','2010-07-29 15:53:00','2010-07-29 15:53:00'),(2285,1,'charts','pie_courses','2010-07-29 15:55:14','2010-07-29 15:55:14'),(2286,1,'matches','index','2010-07-29 15:55:25','2010-07-29 15:55:25'),(2287,1,'matches','index','2010-07-29 15:55:26','2010-07-29 15:55:26'),(2288,1,'matches','new','2010-07-29 15:55:28','2010-07-29 15:55:28'),(2289,1,'charts','pie_courses','2010-07-29 15:55:38','2010-07-29 15:55:38'),(2290,1,'charts','pie_courses','2010-07-29 15:57:03','2010-07-29 15:57:03'),(2291,1,'charts','pie_courses','2010-07-29 15:57:21','2010-07-29 15:57:21'),(2292,1,'charts','pie_courses','2010-07-29 15:57:39','2010-07-29 15:57:39'),(2293,1,'charts','pie_courses','2010-07-29 15:57:45','2010-07-29 15:57:45'),(2294,1,'charts','pie_courses','2010-07-29 15:59:32','2010-07-29 15:59:32'),(2295,1,'charts','pie_courses','2010-07-29 15:59:40','2010-07-29 15:59:40'),(2296,1,'charts','pie_courses','2010-07-29 15:59:50','2010-07-29 15:59:50'),(2297,1,'charts','pie_courses','2010-07-29 16:05:22','2010-07-29 16:05:22'),(2298,1,'charts','pie_courses','2010-07-29 16:05:31','2010-07-29 16:05:31'),(2299,1,'charts','pie_courses','2010-07-29 16:05:40','2010-07-29 16:05:40'),(2300,1,'charts','pie_courses','2010-07-29 16:05:52','2010-07-29 16:05:52'),(2301,1,'charts','pie_courses','2010-07-29 16:06:01','2010-07-29 16:06:01'),(2302,1,'charts','pie_courses','2010-07-29 16:06:04','2010-07-29 16:06:04'),(2303,1,'charts','pie_courses','2010-07-29 16:06:22','2010-07-29 16:06:22'),(2304,1,'charts','pie_courses','2010-07-29 16:06:26','2010-07-29 16:06:26'),(2305,1,'charts','pie_courses','2010-07-29 16:06:34','2010-07-29 16:06:34'),(2306,1,'charts','pie_courses','2010-07-29 16:08:09','2010-07-29 16:08:09'),(2307,1,'charts','pie_courses','2010-07-29 16:08:35','2010-07-29 16:08:35'),(2308,1,'charts','pie_courses','2010-07-29 16:08:43','2010-07-29 16:08:43'),(2309,1,'charts','pie_courses','2010-07-29 16:09:52','2010-07-29 16:09:52'),(2310,1,'charts','pie_courses','2010-07-29 16:10:01','2010-07-29 16:10:01'),(2311,1,'charts','pie_courses','2010-07-29 16:10:50','2010-07-29 16:10:50'),(2312,1,'charts','pie_courses','2010-07-29 16:11:01','2010-07-29 16:11:01'),(2313,1,'charts','pie_courses','2010-07-29 16:11:10','2010-07-29 16:11:10'),(2314,1,'charts','pie_courses','2010-07-29 16:11:52','2010-07-29 16:11:52'),(2315,1,'charts','pie_courses','2010-07-29 16:12:01','2010-07-29 16:12:01'),(2316,1,'charts','pie_courses','2010-07-29 16:12:07','2010-07-29 16:12:07'),(2317,1,'charts','pie_courses','2010-07-29 16:13:06','2010-07-29 16:13:06'),(2318,1,'charts','pie_courses','2010-07-29 16:17:34','2010-07-29 16:17:34'),(2319,1,'charts','pie_courses','2010-07-29 16:17:39','2010-07-29 16:17:39'),(2320,1,'charts','pie_courses','2010-07-29 16:18:02','2010-07-29 16:18:02'),(2321,1,'charts','pie_courses','2010-07-29 16:18:21','2010-07-29 16:18:21'),(2322,1,'charts','pie_courses','2010-07-29 16:18:51','2010-07-29 16:18:51'),(2323,1,'charts','pie_courses','2010-07-29 16:18:58','2010-07-29 16:18:58'),(2324,1,'charts','pie_courses','2010-07-29 16:19:21','2010-07-29 16:19:21'),(2325,1,'charts','pie_courses','2010-07-29 16:20:21','2010-07-29 16:20:21'),(2326,1,'charts','pie_courses','2010-07-29 16:20:26','2010-07-29 16:20:26'),(2327,1,'charts','pie_courses','2010-07-29 16:22:14','2010-07-29 16:22:14'),(2328,1,'charts','pie_courses','2010-07-29 16:22:43','2010-07-29 16:22:43'),(2329,1,'charts','pie_courses','2010-07-29 16:23:09','2010-07-29 16:23:09'),(2330,1,'charts','pie_courses','2010-07-29 16:23:22','2010-07-29 16:23:22'),(2331,1,'charts','pie_courses','2010-07-29 16:23:32','2010-07-29 16:23:32'),(2332,1,'charts','pie_courses','2010-07-29 16:24:21','2010-07-29 16:24:21'),(2333,1,'charts','pie_courses','2010-07-29 16:24:36','2010-07-29 16:24:36'),(2334,1,'charts','pie_courses','2010-07-29 16:24:50','2010-07-29 16:24:50'),(2335,1,'charts','pie_courses','2010-07-29 16:24:56','2010-07-29 16:24:56'),(2336,1,'charts','pie_courses','2010-07-29 16:25:02','2010-07-29 16:25:02'),(2337,1,'charts','pie_courses','2010-07-29 16:25:27','2010-07-29 16:25:27'),(2338,1,'charts','pie_courses','2010-07-29 16:25:42','2010-07-29 16:25:42'),(2339,1,'charts','pie_courses','2010-07-29 16:26:04','2010-07-29 16:26:04'),(2340,1,'charts','pie_courses','2010-07-29 16:28:06','2010-07-29 16:28:06'),(2341,1,'charts','pie_courses','2010-07-29 16:28:19','2010-07-29 16:28:19'),(2342,1,'charts','pie_courses','2010-07-29 16:29:08','2010-07-29 16:29:08'),(2343,1,'charts','pie_courses','2010-07-29 16:30:11','2010-07-29 16:30:11'),(2344,1,'charts','pie_courses','2010-07-29 16:30:35','2010-07-29 16:30:35'),(2345,1,'matches','index','2010-07-29 16:30:39','2010-07-29 16:30:39'),(2346,1,'matches','index','2010-07-29 16:30:40','2010-07-29 16:30:40'),(2347,1,'charts','pie_courses','2010-07-29 16:30:42','2010-07-29 16:30:42'),(2348,1,'charts','pie_courses','2010-07-29 16:30:48','2010-07-29 16:30:48'),(2349,1,'charts','pie_courses','2010-07-29 16:31:03','2010-07-29 16:31:03'),(2350,1,'charts','pie_courses','2010-07-29 16:33:41','2010-07-29 16:33:41'),(2351,1,'courses','index','2010-07-29 16:36:16','2010-07-29 16:36:16'),(2352,1,'course_images','show','2010-07-29 16:36:17','2010-07-29 16:36:17'),(2353,1,'users','show','2010-07-29 16:36:27','2010-07-29 16:36:27'),(2354,1,'privacy_friends','new','2010-07-29 16:36:29','2010-07-29 16:36:29'),(2355,1,'home','index','2010-07-29 16:36:33','2010-07-29 16:36:33'),(2356,1,'matches','index','2010-07-29 16:36:36','2010-07-29 16:36:36'),(2357,1,'matches','index','2010-07-29 16:36:37','2010-07-29 16:36:37'),(2358,1,'matches','index','2010-07-29 16:37:04','2010-07-29 16:37:04'),(2359,1,'matches','index','2010-07-29 16:37:05','2010-07-29 16:37:05'),(2360,1,'charts','pie_courses','2010-07-29 16:37:05','2010-07-29 16:37:05'),(2361,1,'charts','pie_courses','2010-07-29 16:37:08','2010-07-29 16:37:08'),(2362,1,'charts','pie_courses','2010-07-29 16:37:15','2010-07-29 16:37:15'),(2363,1,'charts','pie_courses','2010-07-29 16:38:42','2010-07-29 16:38:42'),(2364,1,'charts','pie_courses','2010-07-29 16:40:44','2010-07-29 16:40:44'),(2365,1,'charts','pie_courses','2010-07-29 16:41:26','2010-07-29 16:41:26'),(2366,1,'charts','pie_courses','2010-07-29 16:42:02','2010-07-29 16:42:02'),(2367,1,'charts','pie_courses','2010-07-29 16:42:23','2010-07-29 16:42:23'),(2368,1,'charts','pie_courses','2010-07-29 16:43:33','2010-07-29 16:43:33'),(2369,1,'charts','pie_courses','2010-07-29 16:43:39','2010-07-29 16:43:39'),(2370,1,'charts','pie_courses','2010-07-29 16:43:45','2010-07-29 16:43:45'),(2371,0,'session','new','2010-07-30 09:42:21','2010-07-30 09:42:21'),(2372,0,'session','create','2010-07-30 09:42:27','2010-07-30 09:42:27'),(2373,1,'home','index','2010-07-30 09:42:27','2010-07-30 09:42:27'),(2374,1,'courses','index','2010-07-30 09:42:32','2010-07-30 09:42:32'),(2375,1,'course_images','show','2010-07-30 09:42:33','2010-07-30 09:42:33'),(2376,1,'home','index','2010-07-30 09:43:29','2010-07-30 09:43:29'),(2377,1,'microsites','ayuda','2010-07-30 09:43:43','2010-07-30 09:43:43'),(2378,1,'home','index','2010-07-30 09:47:07','2010-07-30 09:47:07'),(2379,1,'courses','index','2010-07-30 09:47:09','2010-07-30 09:47:09'),(2380,1,'courses','index','2010-07-30 09:47:46','2010-07-30 09:47:46'),(2381,1,'courses','index','2010-07-30 09:48:02','2010-07-30 09:48:02'),(2382,1,'course_images','show','2010-07-30 09:48:03','2010-07-30 09:48:03'),(2383,1,'courses','index','2010-07-30 09:48:44','2010-07-30 09:48:44'),(2384,1,'course_images','show','2010-07-30 09:48:45','2010-07-30 09:48:45'),(2385,1,'courses','index','2010-07-30 09:48:57','2010-07-30 09:48:57'),(2386,1,'course_images','show','2010-07-30 09:48:58','2010-07-30 09:48:58'),(2387,1,'courses','index','2010-07-30 09:49:08','2010-07-30 09:49:08'),(2388,1,'course_images','show','2010-07-30 09:49:09','2010-07-30 09:49:09'),(2389,1,'contacts','create','2010-07-30 09:50:03','2010-07-30 09:50:03'),(2390,1,'microsites','ayuda','2010-07-30 09:50:03','2010-07-30 09:50:03'),(2391,1,'microsites','ayuda','2010-07-30 09:54:36','2010-07-30 09:54:36'),(2392,1,'courses','index','2010-07-30 09:54:45','2010-07-30 09:54:45'),(2393,1,'course_images','show','2010-07-30 09:54:46','2010-07-30 09:54:46'),(2394,1,'contacts','create','2010-07-30 09:54:56','2010-07-30 09:54:56'),(2395,1,'courses','index','2010-07-30 09:55:25','2010-07-30 09:55:25'),(2396,1,'course_images','show','2010-07-30 09:55:26','2010-07-30 09:55:26'),(2397,1,'contacts','create','2010-07-30 09:55:34','2010-07-30 09:55:34'),(2398,1,'contacts','create','2010-07-30 09:56:13','2010-07-30 09:56:13'),(2399,1,'contacts','create','2010-07-30 09:57:28','2010-07-30 09:57:28'),(2400,1,'courses','index','2010-07-30 09:57:45','2010-07-30 09:57:45'),(2401,1,'course_images','show','2010-07-30 09:57:45','2010-07-30 09:57:45'),(2402,1,'contacts','create','2010-07-30 09:57:51','2010-07-30 09:57:51'),(2403,1,'contacts','create','2010-07-30 09:58:33','2010-07-30 09:58:33'),(2404,1,'courses','index','2010-07-30 09:59:23','2010-07-30 09:59:23'),(2405,1,'course_images','show','2010-07-30 09:59:25','2010-07-30 09:59:25'),(2406,1,'contacts','create','2010-07-30 09:59:29','2010-07-30 09:59:29'),(2407,1,'courses','index','2010-07-30 09:59:34','2010-07-30 09:59:34'),(2408,1,'course_images','show','2010-07-30 09:59:35','2010-07-30 09:59:35'),(2409,1,'courses','index','2010-07-30 09:59:58','2010-07-30 09:59:58'),(2410,1,'course_images','show','2010-07-30 09:59:59','2010-07-30 09:59:59'),(2411,1,'contacts','create','2010-07-30 10:00:03','2010-07-30 10:00:03'),(2412,1,'microsites','ayuda','2010-07-30 10:00:03','2010-07-30 10:00:03'),(2413,1,'microsites','ayuda','2010-07-30 10:00:22','2010-07-30 10:00:22'),(2414,1,'courses','index','2010-07-30 10:00:26','2010-07-30 10:00:26'),(2415,1,'course_images','show','2010-07-30 10:00:27','2010-07-30 10:00:27'),(2416,1,'contacts','create','2010-07-30 10:00:32','2010-07-30 10:00:32'),(2417,1,'courses','index','2010-07-30 10:00:32','2010-07-30 10:00:32'),(2418,1,'course_images','show','2010-07-30 10:00:33','2010-07-30 10:00:33'),(2419,0,'session','new','2010-07-30 18:15:14','2010-07-30 18:15:14'),(2420,0,'session','new','2010-07-30 18:15:15','2010-07-30 18:15:15'),(2421,0,'session','create','2010-07-30 18:15:22','2010-07-30 18:15:22'),(2422,1,'home','index','2010-07-30 18:15:22','2010-07-30 18:15:22'),(2423,1,'users','show','2010-07-30 18:15:25','2010-07-30 18:15:25'),(2424,1,'privacy_friends','new','2010-07-30 18:15:27','2010-07-30 18:15:27'),(2425,1,'privacy_friends','new','2010-07-30 18:16:13','2010-07-30 18:16:13'),(2426,1,'privacy_friends','new','2010-07-30 18:18:58','2010-07-30 18:18:58'),(2427,1,'privacy_friends','new','2010-07-30 18:19:07','2010-07-30 18:19:07'),(2428,1,'privacy_friends','new','2010-07-30 18:19:59','2010-07-30 18:19:59'),(2429,1,'privacy_friends','new','2010-07-30 18:20:05','2010-07-30 18:20:05'),(2430,1,'privacy_friends','new','2010-07-30 18:21:05','2010-07-30 18:21:05'),(2431,1,'privacy_friends','new','2010-07-30 18:21:53','2010-07-30 18:21:53'),(2432,1,'privacy_friends','new','2010-07-30 18:21:57','2010-07-30 18:21:57'),(2433,1,'privacy_friends','new','2010-07-30 18:23:21','2010-07-30 18:23:21'),(2434,1,'privacy_friends','new','2010-07-30 18:23:27','2010-07-30 18:23:27'),(2435,1,'privacy_friends','new','2010-07-30 18:24:13','2010-07-30 18:24:13'),(2436,1,'privacy_friends','new','2010-07-30 18:24:17','2010-07-30 18:24:17'),(2437,1,'privacy_friends','new','2010-07-30 18:40:41','2010-07-30 18:40:41'),(2438,1,'privacy_friends','new','2010-07-30 18:52:22','2010-07-30 18:52:22'),(2439,1,'privacy_friends','allow','2010-07-30 18:52:28','2010-07-30 18:52:28'),(2440,1,'privacy_friends','new','2010-07-30 18:52:29','2010-07-30 18:52:29'),(2441,1,'home','index','2010-07-30 18:52:32','2010-07-30 18:52:32'),(2442,1,'matches','new','2010-07-30 19:09:38','2010-07-30 19:09:38'),(2443,1,'matches','new','2010-07-30 19:19:39','2010-07-30 19:19:39'),(2444,1,'matches','create','2010-07-30 19:19:45','2010-07-30 19:19:45'),(2445,1,'matches','show','2010-07-30 19:19:46','2010-07-30 19:19:46'),(2446,1,'matches','new','2010-07-30 19:20:50','2010-07-30 19:20:50'),(2447,1,'matches','create','2010-07-30 19:20:57','2010-07-30 19:20:57'),(2448,1,'matches','show','2010-07-30 19:20:57','2010-07-30 19:20:57'),(2449,1,'matches','new','2010-07-30 19:21:20','2010-07-30 19:21:20'),(2450,1,'matches','new','2010-07-30 19:22:03','2010-07-30 19:22:03'),(2451,1,'matches','create','2010-07-30 19:22:14','2010-07-30 19:22:14'),(2452,1,'matches','show','2010-07-30 19:22:14','2010-07-30 19:22:14'),(2453,1,'matches','new','2010-07-30 19:24:24','2010-07-30 19:24:24'),(2454,1,'matches','new','2010-07-30 19:24:36','2010-07-30 19:24:36'),(2455,1,'matches','new','2010-07-30 19:26:16','2010-07-30 19:26:16'),(2456,1,'matches','create','2010-07-30 19:26:27','2010-07-30 19:26:27'),(2457,1,'matches','show','2010-07-30 19:26:28','2010-07-30 19:26:28'),(2458,1,'matches','create','2010-07-30 19:26:34','2010-07-30 19:26:34'),(2459,1,'matches','show','2010-07-30 19:26:35','2010-07-30 19:26:35'),(2460,1,'matches','new','2010-07-30 20:32:19','2010-07-30 20:32:19'),(2461,1,'matches','new','2010-07-30 20:34:24','2010-07-30 20:34:24'),(2462,1,'matches','create','2010-07-30 20:35:12','2010-07-30 20:35:12'),(2463,1,'matches','show','2010-07-30 20:35:12','2010-07-30 20:35:12'),(2464,1,'matches','new','2010-07-30 20:36:01','2010-07-30 20:36:01'),(2465,1,'matches','create','2010-07-30 20:36:06','2010-07-30 20:36:06'),(2466,1,'matches','show','2010-07-30 20:36:06','2010-07-30 20:36:06'),(2467,1,'matches','new','2010-07-30 20:36:11','2010-07-30 20:36:11'),(2468,1,'matches','new','2010-07-30 20:37:50','2010-07-30 20:37:50'),(2469,1,'matches','new','2010-07-30 20:38:16','2010-07-30 20:38:16'),(2470,1,'matches','create','2010-07-30 20:38:27','2010-07-30 20:38:27'),(2471,1,'matches','show','2010-07-30 20:38:27','2010-07-30 20:38:27'),(2472,1,'matches','new','2010-07-30 20:38:50','2010-07-30 20:38:50'),(2473,1,'matches','create','2010-07-30 20:38:54','2010-07-30 20:38:54'),(2474,1,'matches','show','2010-07-30 20:38:55','2010-07-30 20:38:55'),(2475,1,'matches','new','2010-07-30 20:38:59','2010-07-30 20:38:59'),(2476,1,'matches','new','2010-07-30 20:39:45','2010-07-30 20:39:45'),(2477,1,'matches','new','2010-07-30 20:41:18','2010-07-30 20:41:18'),(2478,1,'matches','create','2010-07-30 20:42:11','2010-07-30 20:42:11'),(2479,1,'matches','show','2010-07-30 20:42:12','2010-07-30 20:42:12'),(2480,1,'matches','new','2010-07-30 20:45:26','2010-07-30 20:45:26'),(2481,1,'matches','create','2010-07-30 20:45:37','2010-07-30 20:45:37'),(2482,1,'matches','show','2010-07-30 20:45:37','2010-07-30 20:45:37'),(2483,1,'matches','new','2010-07-30 20:45:46','2010-07-30 20:45:46'),(2484,1,'matches','create','2010-07-30 20:46:18','2010-07-30 20:46:18'),(2485,1,'matches','show','2010-07-30 20:46:18','2010-07-30 20:46:18'),(2486,1,'matches','new','2010-07-30 20:52:13','2010-07-30 20:52:13'),(2487,1,'matches','new','2010-07-30 20:52:36','2010-07-30 20:52:36'),(2488,1,'matches','new','2010-07-30 20:53:15','2010-07-30 20:53:15'),(2489,1,'matches','new','2010-07-30 20:53:35','2010-07-30 20:53:35'),(2490,1,'matches','new','2010-07-30 20:54:00','2010-07-30 20:54:00'),(2491,1,'matches','new','2010-07-30 20:54:07','2010-07-30 20:54:07'),(2492,1,'home','index','2010-07-30 21:00:58','2010-07-30 21:00:58'),(2493,1,'home','index','2010-07-30 21:01:39','2010-07-30 21:01:39'),(2494,1,'home','index','2010-07-30 21:04:06','2010-07-30 21:04:06'),(2495,1,'microsites','ayuda','2010-07-30 21:04:39','2010-07-30 21:04:39'),(2496,1,'matches','index','2010-07-30 21:05:40','2010-07-30 21:05:40'),(2497,1,'matches','index','2010-07-30 21:05:41','2010-07-30 21:05:41'),(2498,1,'matches','new','2010-07-30 21:05:43','2010-07-30 21:05:43'),(2499,1,'matches','new','2010-07-30 21:06:10','2010-07-30 21:06:10'),(2500,1,'users','show','2010-07-30 21:12:52','2010-07-30 21:12:52'),(2501,1,'home','index','2010-07-30 21:13:14','2010-07-30 21:13:14'),(2502,1,'matches','index','2010-07-30 21:16:29','2010-07-30 21:16:29'),(2503,1,'matches','index','2010-07-30 21:16:30','2010-07-30 21:16:30'),(2504,1,'session','destroy','2010-07-30 21:16:41','2010-07-30 21:16:41'),(2505,0,'home','index','2010-07-30 21:16:41','2010-07-30 21:16:41'),(2506,0,'session','new','2010-07-30 21:16:41','2010-07-30 21:16:41'),(2507,0,'microsites','ayuda','2010-07-30 21:16:53','2010-07-30 21:16:53');
/*!40000 ALTER TABLE `audit_trails` ENABLE KEYS */;
UNLOCK TABLES;

--
-- Table structure for table `card_strokes`
--

DROP TABLE IF EXISTS `card_strokes`;
/*!40101 SET @saved_cs_client     = @@character_set_client */;
/*!40101 SET character_set_client = utf8 */;
CREATE TABLE `card_strokes` (
  `id` int(11) NOT NULL AUTO_INCREMENT,
  `card_id` int(11) DEFAULT NULL,
  `hole_id` int(11) DEFAULT NULL,
  `strokes` int(11) DEFAULT NULL,
  `putts` int(11) DEFAULT NULL,
  `created_at` datetime DEFAULT NULL,
  `updated_at` datetime DEFAULT NULL,
  PRIMARY KEY (`id`)
) ENGINE=InnoDB AUTO_INCREMENT=1028 DEFAULT CHARSET=latin1;
/*!40101 SET character_set_client = @saved_cs_client */;

--
-- Dumping data for table `card_strokes`
--

LOCK TABLES `card_strokes` WRITE;
/*!40000 ALTER TABLE `card_strokes` DISABLE KEYS */;
INSERT INTO `card_strokes` VALUES (181,27,13,7,0,'2009-12-08 19:02:28','2009-12-08 19:02:28'),(182,27,8,8,0,'2009-12-08 19:02:28','2009-12-08 19:02:28'),(183,27,14,7,0,'2009-12-08 19:02:28','2009-12-08 19:02:28'),(184,27,9,6,0,'2009-12-08 19:02:28','2009-12-08 19:02:28'),(185,27,15,6,0,'2009-12-08 19:02:28','2009-12-08 19:02:28'),(186,27,10,4,0,'2009-12-08 19:02:28','2009-12-08 19:02:28'),(187,27,16,6,0,'2009-12-08 19:02:28','2009-12-08 19:02:28'),(188,27,11,7,0,'2009-12-08 19:02:28','2009-12-08 19:02:28'),(189,27,17,6,0,'2009-12-08 19:02:28','2009-12-08 19:02:28'),(190,27,18,6,0,'2009-12-08 19:02:28','2009-12-08 19:02:28'),(191,27,2,9,0,'2009-12-08 19:02:29','2009-12-08 19:02:29'),(192,27,19,7,0,'2009-12-08 19:02:29','2009-12-08 19:02:29'),(193,27,3,6,0,'2009-12-08 19:02:29','2009-12-08 19:02:29'),(194,27,4,6,0,'2009-12-08 19:02:29','2009-12-08 19:02:29'),(195,27,5,7,0,'2009-12-08 19:02:29','2009-12-08 19:02:29'),(196,27,12,9,0,'2009-12-08 19:02:29','2009-12-08 19:02:29'),(197,27,6,8,0,'2009-12-08 19:02:29','2009-12-08 19:02:29'),(198,27,7,7,0,'2009-12-08 19:02:29','2009-12-08 19:02:29'),(199,28,13,6,0,'2009-12-08 19:03:26','2009-12-08 19:03:26'),(200,28,8,6,0,'2009-12-08 19:03:26','2009-12-08 19:03:26'),(201,28,14,4,0,'2009-12-08 19:03:26','2009-12-08 19:03:26'),(202,28,9,5,0,'2009-12-08 19:03:26','2009-12-08 19:03:26'),(203,28,15,7,0,'2009-12-08 19:03:26','2009-12-08 19:03:26'),(204,28,10,6,0,'2009-12-08 19:03:26','2009-12-08 19:03:26'),(205,28,16,5,0,'2009-12-08 19:03:26','2009-12-08 19:03:26'),(206,28,11,7,0,'2009-12-08 19:03:26','2009-12-08 19:03:26'),(207,28,17,7,0,'2009-12-08 19:03:26','2009-12-08 19:03:26'),(208,28,18,5,0,'2009-12-08 19:03:26','2009-12-08 19:03:26'),(209,28,2,6,0,'2009-12-08 19:03:26','2009-12-08 19:03:26'),(210,28,19,5,0,'2009-12-08 19:03:26','2009-12-08 19:03:26'),(211,28,3,4,0,'2009-12-08 19:03:26','2009-12-08 19:03:26'),(212,28,4,5,0,'2009-12-08 19:03:26','2009-12-08 19:03:26'),(213,28,5,8,0,'2009-12-08 19:03:26','2009-12-08 19:03:26'),(214,28,12,10,0,'2009-12-08 19:03:26','2009-12-08 19:03:26'),(215,28,6,10,0,'2009-12-08 19:03:26','2009-12-08 19:03:26'),(216,28,7,8,0,'2009-12-08 19:03:27','2009-12-08 19:03:27'),(217,29,13,6,0,'2009-12-08 19:04:10','2009-12-08 19:04:10'),(218,29,8,9,0,'2009-12-08 19:04:10','2009-12-08 19:04:10'),(219,29,14,6,0,'2009-12-08 19:04:11','2009-12-08 19:04:11'),(220,29,9,7,0,'2009-12-08 19:04:11','2009-12-08 19:04:11'),(221,29,15,8,0,'2009-12-08 19:04:11','2009-12-08 19:04:11'),(222,29,10,7,0,'2009-12-08 19:04:11','2009-12-08 19:04:11'),(223,29,16,6,0,'2009-12-08 19:04:11','2009-12-08 19:04:11'),(224,29,11,7,0,'2009-12-08 19:04:11','2009-12-08 19:04:11'),(225,29,17,8,0,'2009-12-08 19:04:11','2009-12-08 19:04:11'),(226,29,18,5,0,'2009-12-08 19:04:11','2009-12-08 19:04:11'),(227,29,2,8,0,'2009-12-08 19:04:11','2009-12-08 19:04:11'),(228,29,19,7,0,'2009-12-08 19:04:11','2009-12-08 19:04:11'),(229,29,3,6,0,'2009-12-08 19:04:11','2009-12-08 19:04:11'),(230,29,4,7,0,'2009-12-08 19:04:11','2009-12-08 19:04:11'),(231,29,5,7,0,'2009-12-08 19:04:11','2009-12-08 19:04:11'),(232,29,12,8,0,'2009-12-08 19:04:11','2009-12-08 19:04:11'),(233,29,6,10,0,'2009-12-08 19:04:11','2009-12-08 19:04:11'),(234,29,7,5,0,'2009-12-08 19:04:11','2009-12-08 19:04:11'),(235,30,13,6,0,'2009-12-08 19:06:25','2009-12-08 19:06:25'),(236,30,8,5,0,'2009-12-08 19:06:25','2009-12-08 19:06:25'),(237,30,14,5,0,'2009-12-08 19:06:25','2009-12-08 19:06:25'),(238,30,9,4,0,'2009-12-08 19:06:25','2009-12-08 19:06:25'),(239,30,15,8,0,'2009-12-08 19:06:25','2009-12-08 19:06:25'),(240,30,10,5,0,'2009-12-08 19:06:25','2009-12-08 19:06:25'),(241,30,16,5,0,'2009-12-08 19:06:26','2009-12-08 19:06:26'),(242,30,11,8,0,'2009-12-08 19:06:26','2009-12-08 19:06:26'),(243,30,17,7,0,'2009-12-08 19:06:26','2009-12-08 19:06:26'),(244,30,18,5,0,'2009-12-08 19:06:26','2009-12-08 19:06:26'),(245,30,2,4,0,'2009-12-08 19:06:26','2009-12-08 19:06:26'),(246,30,19,6,0,'2009-12-08 19:06:26','2009-12-08 19:06:26'),(247,30,3,5,0,'2009-12-08 19:06:26','2009-12-08 19:06:26'),(248,30,4,8,0,'2009-12-08 19:06:26','2009-12-08 19:06:26'),(249,30,5,6,0,'2009-12-08 19:06:26','2009-12-08 19:06:26'),(250,30,12,7,0,'2009-12-08 19:06:26','2009-12-08 19:06:26'),(251,30,6,5,0,'2009-12-08 19:06:26','2009-12-08 19:06:26'),(252,30,7,8,0,'2009-12-08 19:06:26','2009-12-08 19:06:26'),(253,31,13,6,0,'2009-12-08 19:06:53','2009-12-08 19:06:53'),(254,31,8,6,0,'2009-12-08 19:06:53','2009-12-08 19:06:53'),(255,31,14,5,0,'2009-12-08 19:06:53','2009-12-08 19:06:53'),(256,31,9,10,0,'2009-12-08 19:06:54','2009-12-08 19:06:54'),(257,31,15,6,0,'2009-12-08 19:06:54','2009-12-08 19:06:54'),(258,31,10,5,0,'2009-12-08 19:06:54','2009-12-08 19:06:54'),(259,31,16,4,0,'2009-12-08 19:06:54','2009-12-08 19:06:54'),(260,31,11,5,0,'2009-12-08 19:06:54','2009-12-08 19:06:54'),(261,31,17,6,0,'2009-12-08 19:06:54','2009-12-08 19:06:54'),(262,31,18,5,0,'2009-12-08 19:06:54','2009-12-08 19:06:54'),(263,31,2,7,0,'2009-12-08 19:06:54','2009-12-08 19:06:54'),(264,31,19,5,0,'2009-12-08 19:06:54','2009-12-08 19:06:54'),(265,31,3,5,0,'2009-12-08 19:06:54','2009-12-08 19:06:54'),(266,31,4,4,0,'2009-12-08 19:06:54','2009-12-08 19:06:54'),(267,31,5,4,0,'2009-12-08 19:06:54','2009-12-08 19:06:54'),(268,31,12,7,0,'2009-12-08 19:06:54','2009-12-08 19:06:54'),(269,31,6,9,0,'2009-12-08 19:06:54','2009-12-08 19:06:54'),(270,31,7,5,0,'2009-12-08 19:06:54','2009-12-08 19:06:54'),(271,32,13,8,0,'2009-12-08 19:07:43','2009-12-08 19:07:43'),(272,32,8,5,0,'2009-12-08 19:07:43','2009-12-08 19:07:43'),(273,32,14,4,0,'2009-12-08 19:07:43','2009-12-08 19:07:43'),(274,32,9,7,0,'2009-12-08 19:07:43','2009-12-08 19:07:43'),(275,32,15,6,0,'2009-12-08 19:07:43','2009-12-08 19:07:43'),(276,32,10,4,0,'2009-12-08 19:07:43','2009-12-08 19:07:43'),(277,32,16,6,0,'2009-12-08 19:07:43','2009-12-08 19:07:43'),(278,32,11,5,0,'2009-12-08 19:07:43','2009-12-08 19:07:43'),(279,32,17,7,0,'2009-12-08 19:07:43','2009-12-08 19:07:43'),(280,32,18,5,0,'2009-12-08 19:07:43','2009-12-08 19:07:43'),(281,32,2,8,0,'2009-12-08 19:07:43','2009-12-08 19:07:43'),(282,32,19,7,0,'2009-12-08 19:07:43','2009-12-08 19:07:43'),(283,32,3,5,0,'2009-12-08 19:07:43','2009-12-08 19:07:43'),(284,32,4,5,0,'2009-12-08 19:07:43','2009-12-08 19:07:43'),(285,32,5,8,0,'2009-12-08 19:07:43','2009-12-08 19:07:43'),(286,32,12,7,0,'2009-12-08 19:07:43','2009-12-08 19:07:43'),(287,32,6,8,0,'2009-12-08 19:07:43','2009-12-08 19:07:43'),(288,32,7,6,0,'2009-12-08 19:07:44','2009-12-08 19:07:44'),(289,33,13,6,0,'2009-12-08 19:08:39','2009-12-08 19:08:39'),(290,33,8,6,0,'2009-12-08 19:08:39','2009-12-08 19:08:39'),(291,33,14,4,0,'2009-12-08 19:08:39','2009-12-08 19:08:39'),(292,33,9,6,0,'2009-12-08 19:08:39','2009-12-08 19:08:39'),(293,33,15,8,0,'2009-12-08 19:08:39','2009-12-08 19:08:39'),(294,33,10,4,0,'2009-12-08 19:08:39','2009-12-08 19:08:39'),(295,33,16,6,0,'2009-12-08 19:08:39','2009-12-08 19:08:39'),(296,33,11,6,0,'2009-12-08 19:08:39','2009-12-08 19:08:39'),(297,33,17,7,0,'2009-12-08 19:08:39','2009-12-08 19:08:39'),(298,33,18,5,0,'2009-12-08 19:08:39','2009-12-08 19:08:39'),(299,33,2,7,0,'2009-12-08 19:08:39','2009-12-08 19:08:39'),(300,33,19,7,0,'2009-12-08 19:08:39','2009-12-08 19:08:39'),(301,33,3,6,0,'2009-12-08 19:08:39','2009-12-08 19:08:39'),(302,33,4,5,0,'2009-12-08 19:08:39','2009-12-08 19:08:39'),(303,33,5,5,0,'2009-12-08 19:08:39','2009-12-08 19:08:39'),(304,33,12,7,0,'2009-12-08 19:08:39','2009-12-08 19:08:39'),(305,33,6,10,0,'2009-12-08 19:08:39','2009-12-08 19:08:39'),(306,33,7,8,0,'2009-12-08 19:08:39','2009-12-08 19:08:39'),(307,34,13,3,0,'2009-12-08 21:22:52','2009-12-08 21:22:52'),(308,34,8,7,0,'2009-12-08 21:22:52','2009-12-08 21:22:52'),(309,34,14,4,0,'2009-12-08 21:22:52','2009-12-08 21:22:52'),(310,34,9,8,0,'2009-12-08 21:22:52','2009-12-08 21:22:52'),(311,34,15,5,0,'2009-12-08 21:22:52','2009-12-08 21:22:52'),(312,34,10,9,0,'2009-12-08 21:22:52','2009-12-08 21:22:52'),(313,34,16,6,0,'2009-12-08 21:22:52','2009-12-08 21:22:52'),(314,34,11,1,0,'2009-12-08 21:22:52','2009-12-08 21:22:52'),(315,34,17,7,0,'2009-12-08 21:22:52','2009-12-08 21:22:52'),(316,34,18,8,0,'2009-12-08 21:22:52','2009-12-08 21:22:52'),(317,34,2,1,0,'2009-12-08 21:22:52','2009-12-08 21:22:52'),(318,34,19,9,0,'2009-12-08 21:22:52','2009-12-08 21:22:52'),(319,34,3,2,0,'2009-12-08 21:22:52','2009-12-08 21:22:52'),(320,34,4,3,0,'2009-12-08 21:22:53','2009-12-08 21:22:53'),(321,34,5,4,0,'2009-12-08 21:22:53','2009-12-08 21:22:53'),(322,34,12,2,0,'2009-12-08 21:22:53','2009-12-08 21:22:53'),(323,34,6,5,0,'2009-12-08 21:22:53','2009-12-08 21:22:53'),(324,34,7,6,0,'2009-12-08 21:22:53','2009-12-08 21:22:53'),(325,35,13,7,0,'2009-12-24 16:16:46','2009-12-24 16:16:46'),(326,35,8,4,0,'2009-12-24 16:16:46','2009-12-24 16:16:46'),(327,35,14,6,0,'2009-12-24 16:16:46','2009-12-24 16:16:46'),(328,35,9,5,0,'2009-12-24 16:16:46','2009-12-24 16:16:46'),(329,35,15,7,0,'2009-12-24 16:16:46','2009-12-24 16:16:46'),(330,35,10,3,0,'2009-12-24 16:16:46','2009-12-24 16:16:46'),(331,35,16,5,0,'2009-12-24 16:16:47','2009-12-24 16:16:47'),(332,35,11,4,0,'2009-12-24 16:16:47','2009-12-24 16:16:47'),(333,35,17,6,0,'2009-12-24 16:16:47','2009-12-24 16:16:47'),(334,35,18,7,0,'2009-12-24 16:16:47','2009-12-24 16:16:47'),(335,35,2,7,0,'2009-12-24 16:16:47','2009-12-24 16:16:47'),(336,35,19,8,0,'2009-12-24 16:16:47','2009-12-24 16:16:47'),(337,35,3,5,0,'2009-12-24 16:16:47','2009-12-24 16:16:47'),(338,35,4,6,0,'2009-12-24 16:16:47','2009-12-24 16:16:47'),(339,35,5,6,0,'2009-12-24 16:16:47','2009-12-24 16:16:47'),(340,35,12,6,0,'2009-12-24 16:16:47','2009-12-24 16:16:47'),(341,35,6,5,0,'2009-12-24 16:16:47','2009-12-24 16:16:47'),(342,35,7,3,0,'2009-12-24 16:16:47','2009-12-24 16:16:47'),(343,36,13,5,0,'2009-12-24 16:47:45','2009-12-24 16:47:45'),(344,36,8,5,0,'2009-12-24 16:47:45','2009-12-24 16:47:45'),(345,36,14,6,0,'2009-12-24 16:47:45','2009-12-24 16:47:45'),(346,36,9,6,0,'2009-12-24 16:47:45','2009-12-24 16:47:45'),(347,36,15,6,0,'2009-12-24 16:47:45','2009-12-24 16:47:45'),(348,36,10,5,0,'2009-12-24 16:47:45','2009-12-24 16:47:45'),(349,36,16,5,0,'2009-12-24 16:47:45','2009-12-24 16:47:45'),(350,36,11,6,0,'2009-12-24 16:47:45','2009-12-24 16:47:45'),(351,36,17,6,0,'2009-12-24 16:47:45','2009-12-24 16:47:45'),(352,36,18,3,0,'2009-12-24 16:47:45','2009-12-24 16:47:45'),(353,36,2,7,0,'2009-12-24 16:47:45','2009-12-24 16:47:45'),(354,36,19,6,0,'2009-12-24 16:47:45','2009-12-24 16:47:45'),(355,36,3,6,0,'2009-12-24 16:47:45','2009-12-24 16:47:45'),(356,36,4,6,0,'2009-12-24 16:47:45','2009-12-24 16:47:45'),(357,36,5,6,0,'2009-12-24 16:47:45','2009-12-24 16:47:45'),(358,36,12,6,0,'2009-12-24 16:47:45','2009-12-24 16:47:45'),(359,36,6,6,0,'2009-12-24 16:47:45','2009-12-24 16:47:45'),(360,36,7,7,0,'2009-12-24 16:47:46','2009-12-24 16:47:46'),(361,37,13,5,0,'2009-12-24 16:48:12','2009-12-24 16:48:12'),(362,37,8,7,0,'2009-12-24 16:48:12','2009-12-24 16:48:12'),(363,37,14,5,0,'2009-12-24 16:48:12','2009-12-24 16:48:12'),(364,37,9,6,0,'2009-12-24 16:48:12','2009-12-24 16:48:12'),(365,37,15,7,0,'2009-12-24 16:48:12','2009-12-24 16:48:12'),(366,37,10,5,0,'2009-12-24 16:48:12','2009-12-24 16:48:12'),(367,37,16,6,0,'2009-12-24 16:48:12','2009-12-24 16:48:12'),(368,37,11,4,0,'2009-12-24 16:48:13','2009-12-24 16:48:13'),(369,37,17,6,0,'2009-12-24 16:48:13','2009-12-24 16:48:13'),(370,37,18,4,0,'2009-12-24 16:48:13','2009-12-24 16:48:13'),(371,37,2,7,0,'2009-12-24 16:48:13','2009-12-24 16:48:13'),(372,37,19,4,0,'2009-12-24 16:48:13','2009-12-24 16:48:13'),(373,37,3,7,0,'2009-12-24 16:48:13','2009-12-24 16:48:13'),(374,37,4,6,0,'2009-12-24 16:48:13','2009-12-24 16:48:13'),(375,37,5,4,0,'2009-12-24 16:48:13','2009-12-24 16:48:13'),(376,37,12,8,0,'2009-12-24 16:48:13','2009-12-24 16:48:13'),(377,37,6,8,0,'2009-12-24 16:48:13','2009-12-24 16:48:13'),(378,37,7,10,0,'2009-12-24 16:48:13','2009-12-24 16:48:13'),(379,38,13,5,0,'2009-12-24 16:48:38','2009-12-24 16:48:38'),(380,38,8,5,0,'2009-12-24 16:48:38','2009-12-24 16:48:38'),(381,38,14,7,0,'2009-12-24 16:48:38','2009-12-24 16:48:38'),(382,38,9,7,0,'2009-12-24 16:48:38','2009-12-24 16:48:38'),(383,38,15,8,0,'2009-12-24 16:48:38','2009-12-24 16:48:38'),(384,38,10,5,0,'2009-12-24 16:48:38','2009-12-24 16:48:38'),(385,38,16,7,0,'2009-12-24 16:48:38','2009-12-24 16:48:38'),(386,38,11,7,0,'2009-12-24 16:48:38','2009-12-24 16:48:38'),(387,38,17,5,0,'2009-12-24 16:48:38','2009-12-24 16:48:38'),(388,38,18,5,0,'2009-12-24 16:48:38','2009-12-24 16:48:38'),(389,38,2,7,0,'2009-12-24 16:48:38','2009-12-24 16:48:38'),(390,38,19,7,0,'2009-12-24 16:48:38','2009-12-24 16:48:38'),(391,38,3,6,0,'2009-12-24 16:48:38','2009-12-24 16:48:38'),(392,38,4,7,0,'2009-12-24 16:48:38','2009-12-24 16:48:38'),(393,38,5,7,0,'2009-12-24 16:48:38','2009-12-24 16:48:38'),(394,38,12,6,0,'2009-12-24 16:48:38','2009-12-24 16:48:38'),(395,38,6,10,0,'2009-12-24 16:48:38','2009-12-24 16:48:38'),(396,38,7,8,0,'2009-12-24 16:48:38','2009-12-24 16:48:38'),(397,39,13,6,0,'2009-12-24 16:49:12','2009-12-24 16:49:12'),(398,39,8,7,0,'2009-12-24 16:49:12','2009-12-24 16:49:12'),(399,39,14,5,0,'2009-12-24 16:49:12','2009-12-24 16:49:12'),(400,39,9,8,0,'2009-12-24 16:49:12','2009-12-24 16:49:12'),(401,39,15,7,0,'2009-12-24 16:49:12','2009-12-24 16:49:12'),(402,39,10,4,0,'2009-12-24 16:49:12','2009-12-24 16:49:12'),(403,39,16,8,0,'2009-12-24 16:49:12','2009-12-24 16:49:12'),(404,39,11,6,0,'2009-12-24 16:49:12','2009-12-24 16:49:12'),(405,39,17,7,0,'2009-12-24 16:49:12','2009-12-24 16:49:12'),(406,39,18,5,0,'2009-12-24 16:49:12','2009-12-24 16:49:12'),(407,39,2,7,0,'2009-12-24 16:49:12','2009-12-24 16:49:12'),(408,39,19,6,0,'2009-12-24 16:49:12','2009-12-24 16:49:12'),(409,39,3,7,0,'2009-12-24 16:49:13','2009-12-24 16:49:13'),(410,39,4,7,0,'2009-12-24 16:49:13','2009-12-24 16:49:13'),(411,39,5,6,0,'2009-12-24 16:49:13','2009-12-24 16:49:13'),(412,39,12,7,0,'2009-12-24 16:49:13','2009-12-24 16:49:13'),(413,39,6,10,0,'2009-12-24 16:49:13','2009-12-24 16:49:13'),(414,39,7,7,0,'2009-12-24 16:49:13','2009-12-24 16:49:13'),(415,41,2,10,NULL,'2009-12-25 19:44:53','2009-12-25 19:44:53'),(416,42,49,3,0,'2009-12-25 20:01:36','2009-12-25 20:01:36'),(417,42,44,7,0,'2009-12-25 20:01:36','2009-12-25 20:01:36'),(418,42,50,4,0,'2009-12-25 20:01:36','2009-12-25 20:01:36'),(419,42,45,8,0,'2009-12-25 20:01:36','2009-12-25 20:01:36'),(420,42,51,5,0,'2009-12-25 20:01:36','2009-12-25 20:01:36'),(421,42,46,9,0,'2009-12-25 20:01:36','2009-12-25 20:01:36'),(422,42,52,6,0,'2009-12-25 20:01:36','2009-12-25 20:01:36'),(423,42,47,1,0,'2009-12-25 20:01:36','2009-12-25 20:01:36'),(424,42,53,7,0,'2009-12-25 20:01:37','2009-12-25 20:01:37'),(425,42,54,8,0,'2009-12-25 20:01:37','2009-12-25 20:01:37'),(426,42,38,1,0,'2009-12-25 20:01:37','2009-12-25 20:01:37'),(427,42,55,9,0,'2009-12-25 20:01:37','2009-12-25 20:01:37'),(428,42,39,2,0,'2009-12-25 20:01:37','2009-12-25 20:01:37'),(429,42,40,3,0,'2009-12-25 20:01:37','2009-12-25 20:01:37'),(430,42,41,4,0,'2009-12-25 20:01:37','2009-12-25 20:01:37'),(431,42,48,2,0,'2009-12-25 20:01:37','2009-12-25 20:01:37'),(432,42,42,5,0,'2009-12-25 20:01:37','2009-12-25 20:01:37'),(433,42,43,6,0,'2009-12-25 20:01:37','2009-12-25 20:01:37'),(434,43,49,7,0,'2009-12-25 20:02:59','2009-12-25 20:02:59'),(435,43,44,7,0,'2009-12-25 20:03:00','2009-12-25 20:03:00'),(436,43,50,6,0,'2009-12-25 20:03:00','2009-12-25 20:03:00'),(437,43,45,8,0,'2009-12-25 20:03:00','2009-12-25 20:03:00'),(438,43,51,5,0,'2009-12-25 20:03:00','2009-12-25 20:03:00'),(439,43,46,9,0,'2009-12-25 20:03:00','2009-12-25 20:03:00'),(440,43,52,4,0,'2009-12-25 20:03:00','2009-12-25 20:03:00'),(441,43,47,9,0,'2009-12-25 20:03:00','2009-12-25 20:03:00'),(442,43,53,3,0,'2009-12-25 20:03:00','2009-12-25 20:03:00'),(443,43,54,2,0,'2009-12-25 20:03:00','2009-12-25 20:03:00'),(444,43,38,1,0,'2009-12-25 20:03:00','2009-12-25 20:03:00'),(445,43,55,2,0,'2009-12-25 20:03:00','2009-12-25 20:03:25'),(446,43,39,2,0,'2009-12-25 20:03:00','2009-12-25 20:03:00'),(447,43,40,3,0,'2009-12-25 20:03:00','2009-12-25 20:03:00'),(448,43,41,4,0,'2009-12-25 20:03:00','2009-12-25 20:03:00'),(449,43,48,8,0,'2009-12-25 20:03:00','2009-12-25 20:03:00'),(450,43,42,5,0,'2009-12-25 20:03:00','2009-12-25 20:03:00'),(451,43,43,6,0,'2009-12-25 20:03:00','2009-12-25 20:03:00'),(452,44,13,3,0,'2009-12-25 20:43:13','2009-12-25 20:43:13'),(453,44,8,3,0,'2009-12-25 20:43:13','2009-12-25 20:43:13'),(454,44,14,4,0,'2009-12-25 20:43:13','2009-12-25 20:43:13'),(455,44,9,2,0,'2009-12-25 20:43:13','2009-12-25 20:43:13'),(456,44,15,5,0,'2009-12-25 20:43:13','2009-12-25 20:43:13'),(457,44,10,1,0,'2009-12-25 20:43:13','2009-12-25 20:43:13'),(458,44,16,6,0,'2009-12-25 20:43:13','2009-12-25 20:43:13'),(459,44,11,1,0,'2009-12-25 20:43:14','2009-12-25 20:43:14'),(460,44,17,7,0,'2009-12-25 20:43:14','2009-12-25 20:43:14'),(461,44,18,8,0,'2009-12-25 20:43:14','2009-12-25 20:43:14'),(462,44,2,9,0,'2009-12-25 20:43:14','2009-12-25 20:43:14'),(463,44,19,9,0,'2009-12-25 20:43:14','2009-12-25 20:43:14'),(464,44,3,8,0,'2009-12-25 20:43:14','2009-12-25 20:43:14'),(465,44,4,7,0,'2009-12-25 20:43:14','2009-12-25 20:43:14'),(466,44,5,6,0,'2009-12-25 20:43:14','2009-12-25 20:43:14'),(467,44,12,2,0,'2009-12-25 20:43:14','2009-12-25 20:43:14'),(468,44,6,5,0,'2009-12-25 20:43:14','2009-12-25 20:43:14'),(469,44,7,4,0,'2009-12-25 20:43:14','2009-12-25 20:43:14'),(488,46,13,8,0,'2010-01-03 19:28:40','2010-01-03 19:31:13'),(489,46,8,7,0,'2010-01-03 19:28:40','2010-01-03 19:28:40'),(490,46,14,4,0,'2010-01-03 19:28:40','2010-01-03 19:28:40'),(491,46,9,5,0,'2010-01-03 19:28:40','2010-01-03 19:28:40'),(492,46,15,6,0,'2010-01-03 19:28:40','2010-01-03 19:28:40'),(493,46,10,4,0,'2010-01-03 19:28:40','2010-01-03 19:28:40'),(494,46,16,5,0,'2010-01-03 19:28:40','2010-01-03 19:28:40'),(495,46,11,10,0,'2010-01-03 19:28:40','2010-01-03 19:28:40'),(496,46,17,6,0,'2010-01-03 19:28:40','2010-01-03 19:28:40'),(497,46,18,5,0,'2010-01-03 19:28:40','2010-01-03 19:28:40'),(498,46,2,8,0,'2010-01-03 19:28:41','2010-01-03 19:28:41'),(499,46,19,7,0,'2010-01-03 19:28:41','2010-01-03 19:28:41'),(500,46,3,6,0,'2010-01-03 19:28:41','2010-01-03 19:28:41'),(501,46,4,5,0,'2010-01-03 19:28:41','2010-01-03 19:28:41'),(502,46,5,5,0,'2010-01-03 19:28:41','2010-01-03 19:28:41'),(503,46,12,8,0,'2010-01-03 19:28:41','2010-01-03 19:28:41'),(504,46,6,10,0,'2010-01-03 19:28:41','2010-01-03 19:28:41'),(505,46,7,8,0,'2010-01-03 19:28:41','2010-01-03 19:28:41'),(506,47,13,7,0,'2010-01-03 19:29:10','2010-01-03 19:29:10'),(507,47,8,5,0,'2010-01-03 19:29:10','2010-01-03 19:29:10'),(508,47,14,5,0,'2010-01-03 19:29:10','2010-01-03 19:29:10'),(509,47,9,6,0,'2010-01-03 19:29:10','2010-01-03 19:29:10'),(510,47,15,7,0,'2010-01-03 19:29:10','2010-01-03 19:29:10'),(511,47,10,5,0,'2010-01-03 19:29:10','2010-01-03 19:29:10'),(512,47,16,5,0,'2010-01-03 19:29:10','2010-01-03 19:29:10'),(513,47,11,5,0,'2010-01-03 19:29:10','2010-01-03 19:29:10'),(514,47,17,7,0,'2010-01-03 19:29:10','2010-01-03 19:29:10'),(515,47,18,6,0,'2010-01-03 19:29:10','2010-01-03 19:29:10'),(516,47,2,6,0,'2010-01-03 19:29:10','2010-01-03 19:29:10'),(517,47,19,6,0,'2010-01-03 19:29:10','2010-01-03 19:29:10'),(518,47,3,6,0,'2010-01-03 19:29:10','2010-01-03 19:29:10'),(519,47,4,4,0,'2010-01-03 19:29:10','2010-01-03 19:29:10'),(520,47,5,7,0,'2010-01-03 19:29:10','2010-01-03 19:29:10'),(521,47,12,10,0,'2010-01-03 19:29:11','2010-01-03 19:29:11'),(522,47,6,10,0,'2010-01-03 19:29:11','2010-01-03 19:29:11'),(523,47,7,10,0,'2010-01-03 19:29:11','2010-01-03 19:29:11'),(524,48,13,8,0,'2010-01-03 19:29:39','2010-01-03 19:29:39'),(525,48,8,7,0,'2010-01-03 19:29:39','2010-01-03 19:29:39'),(526,48,14,5,0,'2010-01-03 19:29:39','2010-01-03 19:29:39'),(527,48,9,7,0,'2010-01-03 19:29:39','2010-01-03 19:29:39'),(528,48,15,9,0,'2010-01-03 19:29:39','2010-01-03 19:29:39'),(529,48,10,7,0,'2010-01-03 19:29:39','2010-01-03 19:29:39'),(530,48,16,6,0,'2010-01-03 19:29:39','2010-01-03 19:29:39'),(531,48,11,5,0,'2010-01-03 19:29:39','2010-01-03 19:29:39'),(532,48,17,8,0,'2010-01-03 19:29:39','2010-01-03 19:29:39'),(533,48,18,5,0,'2010-01-03 19:29:39','2010-01-03 19:29:39'),(534,48,2,5,0,'2010-01-03 19:29:40','2010-01-03 19:29:40'),(535,48,19,6,0,'2010-01-03 19:29:40','2010-01-03 19:29:40'),(536,48,3,6,0,'2010-01-03 19:29:40','2010-01-03 19:29:40'),(537,48,4,5,0,'2010-01-03 19:29:40','2010-01-03 19:29:40'),(538,48,5,5,0,'2010-01-03 19:29:40','2010-01-03 19:29:40'),(539,48,12,7,0,'2010-01-03 19:29:40','2010-01-03 19:29:40'),(540,48,6,9,0,'2010-01-03 19:29:40','2010-01-03 19:29:40'),(541,48,7,5,0,'2010-01-03 19:29:40','2010-01-03 19:29:40'),(542,49,13,7,0,'2010-01-03 19:30:05','2010-01-03 19:30:05'),(543,49,8,7,0,'2010-01-03 19:30:05','2010-01-03 19:30:05'),(544,49,14,5,0,'2010-01-03 19:30:05','2010-01-03 19:30:05'),(545,49,9,6,0,'2010-01-03 19:30:05','2010-01-03 19:30:05'),(546,49,15,9,0,'2010-01-03 19:30:05','2010-01-03 19:30:05'),(547,49,10,8,0,'2010-01-03 19:30:05','2010-01-03 19:30:05'),(548,49,16,7,0,'2010-01-03 19:30:05','2010-01-03 19:30:05'),(549,49,11,10,0,'2010-01-03 19:30:05','2010-01-03 19:30:05'),(550,49,17,7,0,'2010-01-03 19:30:05','2010-01-03 19:30:05'),(551,49,18,4,0,'2010-01-03 19:30:05','2010-01-03 19:30:05'),(552,49,2,9,0,'2010-01-03 19:30:05','2010-01-03 19:30:05'),(553,49,19,6,0,'2010-01-03 19:30:05','2010-01-03 19:30:05'),(554,49,3,5,0,'2010-01-03 19:30:05','2010-01-03 19:30:05'),(555,49,4,7,0,'2010-01-03 19:30:05','2010-01-03 19:30:05'),(556,49,5,5,0,'2010-01-03 19:30:05','2010-01-03 19:30:05'),(557,49,12,7,0,'2010-01-03 19:30:05','2010-01-03 19:30:05'),(558,49,6,10,0,'2010-01-03 19:30:05','2010-01-03 19:30:05'),(559,49,7,9,0,'2010-01-03 19:30:05','2010-01-03 19:30:05'),(560,50,13,6,0,'2010-06-20 18:04:31','2010-06-20 18:04:31'),(561,50,8,5,0,'2010-06-20 18:04:31','2010-06-20 18:04:31'),(562,50,14,5,0,'2010-06-20 18:04:31','2010-06-20 18:04:31'),(563,50,9,6,0,'2010-06-20 18:04:31','2010-06-20 18:04:31'),(564,50,15,8,0,'2010-06-20 18:04:31','2010-06-20 18:04:31'),(565,50,10,4,0,'2010-06-20 18:04:31','2010-06-20 18:04:31'),(566,50,16,6,0,'2010-06-20 18:04:31','2010-06-20 18:04:31'),(567,50,11,6,0,'2010-06-20 18:04:31','2010-06-20 18:04:31'),(568,50,17,6,0,'2010-06-20 18:04:31','2010-06-20 18:04:31'),(569,50,18,5,0,'2010-06-20 18:04:31','2010-06-20 18:04:31'),(570,50,2,6,0,'2010-06-20 18:04:31','2010-07-14 14:00:30'),(571,50,19,7,0,'2010-06-20 18:04:31','2010-06-20 18:04:31'),(572,50,3,5,0,'2010-06-20 18:04:31','2010-06-20 18:04:31'),(573,50,4,5,0,'2010-06-20 18:04:31','2010-06-20 18:04:31'),(574,50,5,4,0,'2010-06-20 18:04:31','2010-06-20 18:04:31'),(575,50,12,10,0,'2010-06-20 18:04:32','2010-06-20 18:04:32'),(576,50,6,9,0,'2010-06-20 18:04:32','2010-06-20 18:04:32'),(577,50,7,5,0,'2010-06-20 18:04:32','2010-06-20 18:04:32'),(578,51,13,7,0,'2010-06-20 18:05:08','2010-06-20 18:05:08'),(579,51,8,6,0,'2010-06-20 18:05:08','2010-06-20 18:05:08'),(580,51,14,4,0,'2010-06-20 18:05:08','2010-06-20 18:05:08'),(581,51,9,7,0,'2010-06-20 18:05:08','2010-06-20 18:05:08'),(582,51,15,7,0,'2010-06-20 18:05:08','2010-06-20 18:05:08'),(583,51,10,5,0,'2010-06-20 18:05:08','2010-06-20 18:05:08'),(584,51,16,6,0,'2010-06-20 18:05:08','2010-06-20 18:05:08'),(585,51,11,6,0,'2010-06-20 18:05:08','2010-06-20 18:05:08'),(586,51,17,6,0,'2010-06-20 18:05:08','2010-06-20 18:05:08'),(587,51,18,5,0,'2010-06-20 18:05:08','2010-06-20 18:05:08'),(588,51,2,8,0,'2010-06-20 18:05:08','2010-06-20 18:05:08'),(589,51,19,7,0,'2010-06-20 18:05:08','2010-06-20 18:05:08'),(590,51,3,6,0,'2010-06-20 18:05:08','2010-06-20 18:05:08'),(591,51,4,3,0,'2010-06-20 18:05:08','2010-06-20 18:05:08'),(592,51,5,8,0,'2010-06-20 18:05:09','2010-06-20 18:05:09'),(593,51,12,6,0,'2010-06-20 18:05:09','2010-06-20 18:05:09'),(594,51,6,7,0,'2010-06-20 18:05:09','2010-06-20 18:05:09'),(595,51,7,9,0,'2010-06-20 18:05:09','2010-06-20 18:05:09'),(596,52,13,8,0,'2010-06-20 18:05:34','2010-06-20 18:05:34'),(597,52,8,7,0,'2010-06-20 18:05:34','2010-06-20 18:05:34'),(598,52,14,5,0,'2010-06-20 18:05:34','2010-06-20 18:05:34'),(599,52,9,6,0,'2010-06-20 18:05:34','2010-06-20 18:05:34'),(600,52,15,8,0,'2010-06-20 18:05:34','2010-06-20 18:05:34'),(601,52,10,6,0,'2010-06-20 18:05:34','2010-06-20 18:05:34'),(602,52,16,9,0,'2010-06-20 18:05:34','2010-06-20 18:05:34'),(603,52,11,7,0,'2010-06-20 18:05:34','2010-06-20 18:05:34'),(604,52,17,6,0,'2010-06-20 18:05:34','2010-06-20 18:05:34'),(605,52,18,6,0,'2010-06-20 18:05:34','2010-06-20 18:05:34'),(606,52,2,7,0,'2010-06-20 18:05:34','2010-06-20 18:05:34'),(607,52,19,5,0,'2010-06-20 18:05:34','2010-06-20 18:05:34'),(608,52,3,6,0,'2010-06-20 18:05:34','2010-06-20 18:05:34'),(609,52,4,6,0,'2010-06-20 18:05:34','2010-06-20 18:05:34'),(610,52,5,7,0,'2010-06-20 18:05:34','2010-06-20 18:05:34'),(611,52,12,8,0,'2010-06-20 18:05:34','2010-06-20 18:05:34'),(612,52,6,9,0,'2010-06-20 18:05:34','2010-06-20 18:05:34'),(613,52,7,8,0,'2010-06-20 18:05:34','2010-06-20 18:05:34'),(614,53,13,8,0,'2010-06-20 18:06:02','2010-06-20 18:06:02'),(615,53,8,5,0,'2010-06-20 18:06:03','2010-06-20 18:06:03'),(616,53,14,4,0,'2010-06-20 18:06:03','2010-06-20 18:06:03'),(617,53,9,5,0,'2010-06-20 18:06:03','2010-06-20 18:06:03'),(618,53,15,8,0,'2010-06-20 18:06:03','2010-06-20 18:06:03'),(619,53,10,3,0,'2010-06-20 18:06:03','2010-06-20 18:06:03'),(620,53,16,8,0,'2010-06-20 18:06:03','2010-06-20 18:06:03'),(621,53,11,5,0,'2010-06-20 18:06:03','2010-06-20 18:06:03'),(622,53,17,7,0,'2010-06-20 18:06:03','2010-06-20 18:06:03'),(623,53,18,4,0,'2010-06-20 18:06:03','2010-06-20 18:06:03'),(624,53,2,7,0,'2010-06-20 18:06:04','2010-06-20 18:06:04'),(625,53,19,5,0,'2010-06-20 18:06:04','2010-06-20 18:06:04'),(626,53,3,7,0,'2010-06-20 18:06:04','2010-06-20 18:06:04'),(627,53,4,4,0,'2010-06-20 18:06:04','2010-06-20 18:06:04'),(628,53,5,7,0,'2010-06-20 18:06:04','2010-06-20 18:06:04'),(629,53,12,8,0,'2010-06-20 18:06:04','2010-06-20 18:06:04'),(630,53,6,7,0,'2010-06-20 18:06:04','2010-06-20 18:06:04'),(631,53,7,6,0,'2010-06-20 18:06:04','2010-06-20 18:06:04'),(632,54,67,6,0,'2010-06-21 07:55:49','2010-06-21 07:55:49'),(633,54,62,6,0,'2010-06-21 07:55:49','2010-06-21 07:55:49'),(634,54,68,4,0,'2010-06-21 07:55:49','2010-06-21 07:55:49'),(635,54,63,6,0,'2010-06-21 07:55:49','2010-06-21 07:55:49'),(636,54,69,5,0,'2010-06-21 07:55:49','2010-06-21 07:55:49'),(637,54,64,7,0,'2010-06-21 07:55:49','2010-06-21 07:55:49'),(638,54,70,7,0,'2010-06-21 07:55:49','2010-06-21 07:55:49'),(639,54,65,7,0,'2010-06-21 07:55:50','2010-06-21 07:55:50'),(640,54,71,3,0,'2010-06-21 07:55:50','2010-06-21 07:55:50'),(641,54,72,7,0,'2010-06-21 07:55:50','2010-06-21 07:55:50'),(642,54,56,8,0,'2010-06-21 07:55:50','2010-06-21 07:55:50'),(643,54,73,5,0,'2010-06-21 07:55:50','2010-06-21 07:55:50'),(644,54,57,6,0,'2010-06-21 07:55:50','2010-06-21 07:55:50'),(645,54,58,3,0,'2010-06-21 07:55:50','2010-06-21 07:55:50'),(646,54,59,6,0,'2010-06-21 07:55:50','2010-06-21 07:55:50'),(647,54,66,5,0,'2010-06-21 07:55:50','2010-06-21 07:55:50'),(648,54,60,7,0,'2010-06-21 07:55:50','2010-06-21 07:55:50'),(649,54,61,8,0,'2010-06-21 07:55:50','2010-06-21 07:55:50'),(650,55,67,5,0,'2010-06-21 07:56:18','2010-06-21 07:56:18'),(651,55,62,5,0,'2010-06-21 07:56:18','2010-06-21 07:56:18'),(652,55,68,6,0,'2010-06-21 07:56:18','2010-06-21 07:56:18'),(653,55,63,10,0,'2010-06-21 07:56:18','2010-06-21 07:56:18'),(654,55,69,7,0,'2010-06-21 07:56:18','2010-06-21 07:56:18'),(655,55,64,8,0,'2010-06-21 07:56:18','2010-06-21 07:56:18'),(656,55,70,8,0,'2010-06-21 07:56:18','2010-06-21 07:56:18'),(657,55,65,8,0,'2010-06-21 07:56:19','2010-06-21 07:56:19'),(658,55,71,2,0,'2010-06-21 07:56:19','2010-06-21 07:56:19'),(659,55,72,8,0,'2010-06-21 07:56:19','2010-06-21 07:56:19'),(660,55,56,9,0,'2010-06-21 07:56:19','2010-06-21 07:56:19'),(661,55,73,5,0,'2010-06-21 07:56:19','2010-06-21 07:56:19'),(662,55,57,5,0,'2010-06-21 07:56:19','2010-06-21 07:56:19'),(663,55,58,6,0,'2010-06-21 07:56:19','2010-06-21 07:56:19'),(664,55,59,7,0,'2010-06-21 07:56:19','2010-06-21 07:56:19'),(665,55,66,4,0,'2010-06-21 07:56:19','2010-06-21 07:56:19'),(666,55,60,5,0,'2010-06-21 07:56:19','2010-06-21 07:56:19'),(667,55,61,5,0,'2010-06-21 07:56:19','2010-06-21 07:56:19'),(668,56,13,3,NULL,'2010-07-12 11:10:01','2010-07-12 11:10:01'),(669,56,8,7,NULL,'2010-07-12 11:10:01','2010-07-12 11:10:01'),(670,56,14,4,NULL,'2010-07-12 11:10:01','2010-07-12 11:10:01'),(671,56,9,8,NULL,'2010-07-12 11:10:01','2010-07-12 11:10:01'),(672,56,15,5,NULL,'2010-07-12 11:10:01','2010-07-12 11:10:01'),(673,56,10,9,NULL,'2010-07-12 11:10:01','2010-07-12 11:10:01'),(674,56,16,6,NULL,'2010-07-12 11:10:01','2010-07-12 11:10:01'),(675,56,11,1,NULL,'2010-07-12 11:10:01','2010-07-12 11:10:01'),(676,56,17,7,NULL,'2010-07-12 11:10:01','2010-07-12 11:10:01'),(677,56,18,8,NULL,'2010-07-12 11:10:01','2010-07-12 11:10:01'),(678,56,2,1,NULL,'2010-07-12 11:10:01','2010-07-12 11:10:01'),(679,56,19,9,NULL,'2010-07-12 11:10:01','2010-07-12 11:10:01'),(680,56,3,2,NULL,'2010-07-12 11:10:01','2010-07-12 11:10:01'),(681,56,4,3,NULL,'2010-07-12 11:10:02','2010-07-12 11:10:02'),(682,56,5,4,NULL,'2010-07-12 11:10:02','2010-07-12 11:10:02'),(683,56,12,2,NULL,'2010-07-12 11:10:02','2010-07-12 11:10:02'),(684,56,6,5,NULL,'2010-07-12 11:10:02','2010-07-12 11:10:02'),(685,56,7,6,NULL,'2010-07-12 11:10:02','2010-07-12 11:10:02'),(686,57,13,3,NULL,'2010-07-12 11:18:23','2010-07-12 11:18:23'),(687,57,8,7,NULL,'2010-07-12 11:18:23','2010-07-12 11:18:23'),(688,57,14,4,NULL,'2010-07-12 11:18:23','2010-07-12 11:18:23'),(689,57,9,8,NULL,'2010-07-12 11:18:23','2010-07-12 11:18:23'),(690,57,15,5,NULL,'2010-07-12 11:18:23','2010-07-12 11:18:23'),(691,57,10,9,NULL,'2010-07-12 11:18:23','2010-07-12 11:18:23'),(692,57,16,6,NULL,'2010-07-12 11:18:23','2010-07-12 11:18:23'),(693,57,11,1,NULL,'2010-07-12 11:18:24','2010-07-12 11:18:24'),(694,57,17,7,NULL,'2010-07-12 11:18:24','2010-07-12 11:18:24'),(695,57,18,8,NULL,'2010-07-12 11:18:24','2010-07-12 11:18:24'),(696,57,2,1,NULL,'2010-07-12 11:18:24','2010-07-12 11:18:24'),(697,57,19,9,NULL,'2010-07-12 11:18:24','2010-07-12 11:18:24'),(698,57,3,2,NULL,'2010-07-12 11:18:24','2010-07-12 11:18:24'),(699,57,4,3,NULL,'2010-07-12 11:18:24','2010-07-12 11:18:24'),(700,57,5,4,NULL,'2010-07-12 11:18:24','2010-07-12 11:18:24'),(701,57,12,2,NULL,'2010-07-12 11:18:24','2010-07-12 11:18:24'),(702,57,6,5,NULL,'2010-07-12 11:18:24','2010-07-12 11:18:24'),(703,57,7,6,NULL,'2010-07-12 11:18:24','2010-07-12 11:18:24'),(704,58,13,4,NULL,'2010-07-12 12:05:28','2010-07-12 12:05:28'),(705,58,8,6,NULL,'2010-07-12 12:05:28','2010-07-12 12:05:28'),(706,58,14,5,NULL,'2010-07-12 12:05:28','2010-07-12 12:05:28'),(707,58,9,3,NULL,'2010-07-12 12:05:28','2010-07-12 12:05:28'),(708,58,15,4,NULL,'2010-07-12 12:05:28','2010-07-12 12:05:28'),(709,58,10,6,NULL,'2010-07-12 12:05:28','2010-07-12 12:05:28'),(710,58,16,4,NULL,'2010-07-12 12:05:28','2010-07-12 12:05:28'),(711,58,11,7,NULL,'2010-07-12 12:05:28','2010-07-12 12:05:28'),(712,58,17,5,NULL,'2010-07-12 12:05:28','2010-07-12 12:05:28'),(713,58,18,3,NULL,'2010-07-12 12:05:28','2010-07-12 12:05:28'),(714,58,2,2,NULL,'2010-07-12 12:05:28','2010-07-12 12:05:28'),(715,58,19,3,NULL,'2010-07-12 12:05:28','2010-07-12 12:05:28'),(716,58,3,3,NULL,'2010-07-12 12:05:28','2010-07-12 12:05:28'),(717,58,4,5,NULL,'2010-07-12 12:05:28','2010-07-12 12:05:28'),(718,58,5,4,NULL,'2010-07-12 12:05:28','2010-07-12 12:05:28'),(719,58,12,5,NULL,'2010-07-12 12:05:29','2010-07-12 12:05:29'),(720,58,6,4,NULL,'2010-07-12 12:05:29','2010-07-12 12:05:29'),(721,58,7,5,NULL,'2010-07-12 12:05:29','2010-07-12 12:05:29'),(722,59,13,5,NULL,'2010-07-14 14:09:45','2010-07-14 14:09:45'),(723,59,8,5,NULL,'2010-07-14 14:09:45','2010-07-14 14:09:45'),(724,59,14,5,NULL,'2010-07-14 14:09:45','2010-07-14 14:09:45'),(725,59,9,4,NULL,'2010-07-14 14:09:45','2010-07-14 14:09:45'),(726,59,15,7,NULL,'2010-07-14 14:09:46','2010-07-14 14:09:46'),(727,59,10,5,NULL,'2010-07-14 14:09:46','2010-07-14 14:09:46'),(728,59,16,0,NULL,'2010-07-14 14:09:46','2010-07-14 14:09:46'),(729,59,11,6,NULL,'2010-07-14 14:09:46','2010-07-14 14:09:46'),(730,59,17,0,NULL,'2010-07-14 14:09:46','2010-07-14 14:09:46'),(731,59,18,0,NULL,'2010-07-14 14:09:46','2010-07-14 14:09:46'),(732,59,2,6,NULL,'2010-07-14 14:09:46','2010-07-14 14:09:46'),(733,59,19,0,NULL,'2010-07-14 14:09:46','2010-07-14 14:09:46'),(734,59,3,6,NULL,'2010-07-14 14:09:46','2010-07-14 14:09:46'),(735,59,4,5,NULL,'2010-07-14 14:09:46','2010-07-14 14:09:46'),(736,59,5,7,NULL,'2010-07-14 14:09:46','2010-07-14 14:09:46'),(737,59,12,5,NULL,'2010-07-14 14:09:46','2010-07-14 14:09:46'),(738,59,6,10,NULL,'2010-07-14 14:09:46','2010-07-14 14:09:46'),(739,59,7,6,NULL,'2010-07-14 14:09:46','2010-07-14 14:09:46'),(740,60,13,6,NULL,'2010-07-14 14:10:14','2010-07-14 14:10:14'),(741,60,8,7,NULL,'2010-07-14 14:10:14','2010-07-14 14:10:14'),(742,60,14,5,NULL,'2010-07-14 14:10:14','2010-07-14 14:10:14'),(743,60,9,5,NULL,'2010-07-14 14:10:14','2010-07-14 14:10:14'),(744,60,15,6,NULL,'2010-07-14 14:10:14','2010-07-14 14:10:14'),(745,60,10,3,NULL,'2010-07-14 14:10:14','2010-07-14 14:10:14'),(746,60,16,0,NULL,'2010-07-14 14:10:14','2010-07-14 14:10:14'),(747,60,11,4,NULL,'2010-07-14 14:10:14','2010-07-14 14:10:14'),(748,60,17,0,NULL,'2010-07-14 14:10:14','2010-07-14 14:10:14'),(749,60,18,0,NULL,'2010-07-14 14:10:14','2010-07-14 14:10:14'),(750,60,2,5,NULL,'2010-07-14 14:10:14','2010-07-14 14:10:14'),(751,60,19,0,NULL,'2010-07-14 14:10:14','2010-07-14 14:10:14'),(752,60,3,4,NULL,'2010-07-14 14:10:14','2010-07-14 14:10:14'),(753,60,4,4,NULL,'2010-07-14 14:10:14','2010-07-14 14:10:14'),(754,60,5,6,NULL,'2010-07-14 14:10:14','2010-07-14 14:10:14'),(755,60,12,6,NULL,'2010-07-14 14:10:15','2010-07-14 14:10:15'),(756,60,6,10,NULL,'2010-07-14 14:10:15','2010-07-14 14:10:15'),(757,60,7,6,NULL,'2010-07-14 14:10:15','2010-07-14 14:10:15'),(758,61,13,8,NULL,'2010-07-14 14:11:41','2010-07-14 14:11:41'),(759,61,8,4,NULL,'2010-07-14 14:11:41','2010-07-14 14:11:41'),(760,61,14,5,NULL,'2010-07-14 14:11:41','2010-07-14 14:11:41'),(761,61,9,7,NULL,'2010-07-14 14:11:41','2010-07-14 14:11:41'),(762,61,15,6,NULL,'2010-07-14 14:11:41','2010-07-14 14:11:41'),(763,61,10,4,NULL,'2010-07-14 14:11:41','2010-07-14 14:11:41'),(764,61,16,0,NULL,'2010-07-14 14:11:41','2010-07-14 14:11:41'),(765,61,11,8,NULL,'2010-07-14 14:11:41','2010-07-14 14:11:41'),(766,61,17,0,NULL,'2010-07-14 14:11:41','2010-07-14 14:11:41'),(767,61,18,0,NULL,'2010-07-14 14:11:41','2010-07-14 14:11:41'),(768,61,2,8,NULL,'2010-07-14 14:11:41','2010-07-14 14:11:41'),(769,61,19,0,NULL,'2010-07-14 14:11:41','2010-07-14 14:11:41'),(770,61,3,6,NULL,'2010-07-14 14:11:41','2010-07-14 14:11:41'),(771,61,4,5,NULL,'2010-07-14 14:11:41','2010-07-14 14:11:41'),(772,61,5,6,NULL,'2010-07-14 14:11:42','2010-07-14 14:11:42'),(773,61,12,5,NULL,'2010-07-14 14:11:42','2010-07-14 14:11:42'),(774,61,6,9,NULL,'2010-07-14 14:11:42','2010-07-14 14:11:42'),(775,61,7,8,NULL,'2010-07-14 14:11:42','2010-07-14 14:11:42'),(776,62,13,7,NULL,'2010-07-14 14:12:18','2010-07-14 14:12:18'),(777,62,8,6,NULL,'2010-07-14 14:12:18','2010-07-14 14:12:18'),(778,62,14,4,NULL,'2010-07-14 14:12:18','2010-07-14 14:12:18'),(779,62,9,7,NULL,'2010-07-14 14:12:18','2010-07-14 14:12:18'),(780,62,15,7,NULL,'2010-07-14 14:12:18','2010-07-14 14:12:18'),(781,62,10,4,NULL,'2010-07-14 14:12:18','2010-07-14 14:12:18'),(782,62,16,0,NULL,'2010-07-14 14:12:18','2010-07-14 14:12:18'),(783,62,11,7,NULL,'2010-07-14 14:12:18','2010-07-14 14:12:18'),(784,62,17,0,NULL,'2010-07-14 14:12:18','2010-07-14 14:12:18'),(785,62,18,0,NULL,'2010-07-14 14:12:19','2010-07-14 14:12:19'),(786,62,2,9,NULL,'2010-07-14 14:12:19','2010-07-14 14:12:19'),(787,62,19,0,NULL,'2010-07-14 14:12:19','2010-07-14 14:12:19'),(788,62,3,6,NULL,'2010-07-14 14:12:19','2010-07-14 14:12:19'),(789,62,4,5,NULL,'2010-07-14 14:12:19','2010-07-14 14:12:19'),(790,62,5,5,NULL,'2010-07-14 14:12:19','2010-07-14 14:12:19'),(791,62,12,6,NULL,'2010-07-14 14:12:19','2010-07-14 14:12:19'),(792,62,6,8,NULL,'2010-07-14 14:12:19','2010-07-14 14:12:19'),(793,62,7,8,NULL,'2010-07-14 14:12:19','2010-07-14 14:12:19'),(794,63,13,6,NULL,'2010-07-14 14:18:53','2010-07-14 14:18:53'),(795,63,8,6,NULL,'2010-07-14 14:18:53','2010-07-14 14:18:53'),(796,63,14,4,NULL,'2010-07-14 14:18:53','2010-07-14 14:18:53'),(797,63,9,5,NULL,'2010-07-14 14:18:54','2010-07-14 14:18:54'),(798,63,15,6,NULL,'2010-07-14 14:18:54','2010-07-14 14:18:54'),(799,63,10,5,NULL,'2010-07-14 14:18:54','2010-07-14 14:18:54'),(800,63,16,5,NULL,'2010-07-14 14:18:54','2010-07-14 14:18:54'),(801,63,11,6,NULL,'2010-07-14 14:18:54','2010-07-14 14:18:54'),(802,63,17,6,NULL,'2010-07-14 14:18:54','2010-07-14 14:18:54'),(803,63,18,5,NULL,'2010-07-14 14:18:54','2010-07-14 14:18:54'),(804,63,2,7,NULL,'2010-07-14 14:18:54','2010-07-14 14:18:54'),(805,63,19,6,NULL,'2010-07-14 14:18:54','2010-07-14 14:18:54'),(806,63,3,7,NULL,'2010-07-14 14:18:54','2010-07-14 14:18:54'),(807,63,4,5,NULL,'2010-07-14 14:18:54','2010-07-14 14:18:54'),(808,63,5,7,NULL,'2010-07-14 14:18:54','2010-07-14 14:18:54'),(809,63,12,7,NULL,'2010-07-14 14:18:54','2010-07-14 14:18:54'),(810,63,6,6,NULL,'2010-07-14 14:18:54','2010-07-14 14:18:54'),(811,63,7,7,NULL,'2010-07-14 14:18:54','2010-07-14 14:18:54'),(812,64,13,6,NULL,'2010-07-14 14:22:37','2010-07-14 14:22:37'),(813,64,8,3,NULL,'2010-07-14 14:22:37','2010-07-14 14:22:37'),(814,64,14,6,NULL,'2010-07-14 14:22:37','2010-07-14 14:22:37'),(815,64,9,6,NULL,'2010-07-14 14:22:37','2010-07-14 14:22:37'),(816,64,15,7,NULL,'2010-07-14 14:22:37','2010-07-14 14:22:37'),(817,64,10,5,NULL,'2010-07-14 14:22:37','2010-07-14 14:22:37'),(818,64,16,7,NULL,'2010-07-14 14:22:37','2010-07-14 14:22:37'),(819,64,11,5,NULL,'2010-07-14 14:22:37','2010-07-14 14:22:37'),(820,64,17,6,NULL,'2010-07-14 14:22:37','2010-07-14 14:22:37'),(821,64,18,6,NULL,'2010-07-14 14:22:37','2010-07-14 14:22:37'),(822,64,2,5,NULL,'2010-07-14 14:22:37','2010-07-14 14:22:37'),(823,64,19,6,NULL,'2010-07-14 14:22:37','2010-07-14 14:22:37'),(824,64,3,5,NULL,'2010-07-14 14:22:37','2010-07-14 14:22:37'),(825,64,4,4,NULL,'2010-07-14 14:22:37','2010-07-14 14:22:37'),(826,64,5,5,NULL,'2010-07-14 14:22:37','2010-07-14 14:22:37'),(827,64,12,5,NULL,'2010-07-14 14:22:38','2010-07-14 14:22:38'),(828,64,6,6,NULL,'2010-07-14 14:22:38','2010-07-14 14:22:38'),(829,64,7,8,NULL,'2010-07-14 14:22:38','2010-07-14 14:22:38'),(830,65,13,8,NULL,'2010-07-14 14:23:12','2010-07-14 14:23:12'),(831,65,8,5,NULL,'2010-07-14 14:23:12','2010-07-14 14:23:12'),(832,65,14,5,NULL,'2010-07-14 14:23:12','2010-07-14 14:23:12'),(833,65,9,5,NULL,'2010-07-14 14:23:12','2010-07-14 14:23:12'),(834,65,15,6,NULL,'2010-07-14 14:23:12','2010-07-14 14:23:12'),(835,65,10,5,NULL,'2010-07-14 14:23:12','2010-07-14 14:23:12'),(836,65,16,6,NULL,'2010-07-14 14:23:12','2010-07-14 14:23:12'),(837,65,11,5,NULL,'2010-07-14 14:23:12','2010-07-14 14:23:12'),(838,65,17,8,NULL,'2010-07-14 14:23:12','2010-07-14 14:23:12'),(839,65,18,4,NULL,'2010-07-14 14:23:12','2010-07-14 14:23:12'),(840,65,2,8,NULL,'2010-07-14 14:23:12','2010-07-14 14:23:12'),(841,65,19,10,NULL,'2010-07-14 14:23:12','2010-07-14 14:23:12'),(842,65,3,6,NULL,'2010-07-14 14:23:12','2010-07-14 14:23:12'),(843,65,4,5,NULL,'2010-07-14 14:23:12','2010-07-14 14:23:12'),(844,65,5,9,NULL,'2010-07-14 14:23:12','2010-07-14 14:23:12'),(845,65,12,7,NULL,'2010-07-14 14:23:12','2010-07-14 14:23:12'),(846,65,6,10,NULL,'2010-07-14 14:23:12','2010-07-14 14:23:12'),(847,65,7,6,NULL,'2010-07-14 14:23:13','2010-07-14 14:23:13'),(848,66,13,7,NULL,'2010-07-14 14:30:27','2010-07-14 14:30:27'),(849,66,8,4,NULL,'2010-07-14 14:30:27','2010-07-14 14:30:27'),(850,66,14,5,NULL,'2010-07-14 14:30:27','2010-07-14 14:30:27'),(851,66,9,6,NULL,'2010-07-14 14:30:27','2010-07-14 14:30:27'),(852,66,15,9,NULL,'2010-07-14 14:30:28','2010-07-14 14:30:28'),(853,66,10,4,NULL,'2010-07-14 14:30:28','2010-07-14 14:30:28'),(854,66,16,7,NULL,'2010-07-14 14:30:28','2010-07-14 14:30:28'),(855,66,11,6,NULL,'2010-07-14 14:30:28','2010-07-14 14:30:28'),(856,66,17,8,NULL,'2010-07-14 14:30:28','2010-07-14 14:30:28'),(857,66,18,4,NULL,'2010-07-14 14:30:28','2010-07-14 14:30:28'),(858,66,2,8,NULL,'2010-07-14 14:30:28','2010-07-14 14:30:28'),(859,66,19,8,NULL,'2010-07-14 14:30:29','2010-07-14 14:30:29'),(860,66,3,6,NULL,'2010-07-14 14:30:29','2010-07-14 14:30:29'),(861,66,4,5,NULL,'2010-07-14 14:30:29','2010-07-14 14:30:29'),(862,66,5,8,NULL,'2010-07-14 14:30:29','2010-07-14 14:30:29'),(863,66,12,6,NULL,'2010-07-14 14:30:29','2010-07-14 14:30:29'),(864,66,6,9,NULL,'2010-07-14 14:30:29','2010-07-14 14:30:29'),(865,66,7,6,NULL,'2010-07-14 14:30:29','2010-07-14 14:30:29'),(866,67,13,5,NULL,'2010-07-14 14:34:28','2010-07-14 14:34:28'),(867,67,8,7,NULL,'2010-07-14 14:34:28','2010-07-14 14:34:28'),(868,67,14,4,NULL,'2010-07-14 14:34:28','2010-07-14 14:34:28'),(869,67,9,6,NULL,'2010-07-14 14:34:29','2010-07-14 14:34:29'),(870,67,15,8,NULL,'2010-07-14 14:34:29','2010-07-14 14:34:29'),(871,67,10,4,NULL,'2010-07-14 14:34:29','2010-07-14 14:34:29'),(872,67,16,5,NULL,'2010-07-14 14:34:29','2010-07-14 14:34:29'),(873,67,11,6,NULL,'2010-07-14 14:34:29','2010-07-14 14:34:29'),(874,67,17,5,NULL,'2010-07-14 14:34:29','2010-07-14 14:34:29'),(875,67,18,7,NULL,'2010-07-14 14:34:29','2010-07-14 14:34:29'),(876,67,2,7,NULL,'2010-07-14 14:34:29','2010-07-14 14:34:29'),(877,67,19,5,NULL,'2010-07-14 14:34:29','2010-07-14 14:34:29'),(878,67,3,6,NULL,'2010-07-14 14:34:29','2010-07-14 14:34:29'),(879,67,4,6,NULL,'2010-07-14 14:34:29','2010-07-14 14:34:29'),(880,67,5,5,NULL,'2010-07-14 14:34:29','2010-07-14 14:34:29'),(881,67,12,6,NULL,'2010-07-14 14:34:29','2010-07-14 14:34:29'),(882,67,6,8,NULL,'2010-07-14 14:34:30','2010-07-14 14:34:30'),(883,67,7,7,NULL,'2010-07-14 14:34:30','2010-07-14 14:34:30'),(884,68,13,5,NULL,'2010-07-14 14:35:48','2010-07-14 14:35:48'),(885,68,8,6,NULL,'2010-07-14 14:35:48','2010-07-14 14:35:48'),(886,68,14,5,NULL,'2010-07-14 14:35:48','2010-07-14 14:35:48'),(887,68,9,5,NULL,'2010-07-14 14:35:48','2010-07-14 14:35:48'),(888,68,15,6,NULL,'2010-07-14 14:35:48','2010-07-14 14:35:48'),(889,68,10,4,NULL,'2010-07-14 14:35:48','2010-07-14 14:35:48'),(890,68,16,6,NULL,'2010-07-14 14:35:48','2010-07-14 14:35:48'),(891,68,11,4,NULL,'2010-07-14 14:35:48','2010-07-14 14:35:48'),(892,68,17,5,NULL,'2010-07-14 14:35:48','2010-07-14 14:35:48'),(893,68,18,6,NULL,'2010-07-14 14:35:48','2010-07-14 14:35:48'),(894,68,2,6,NULL,'2010-07-14 14:35:48','2010-07-14 14:35:48'),(895,68,19,5,NULL,'2010-07-14 14:35:48','2010-07-14 14:35:48'),(896,68,3,5,NULL,'2010-07-14 14:35:48','2010-07-14 14:35:48'),(897,68,4,6,NULL,'2010-07-14 14:35:48','2010-07-14 14:35:48'),(898,68,5,5,NULL,'2010-07-14 14:35:48','2010-07-14 14:35:48'),(899,68,12,8,NULL,'2010-07-14 14:35:49','2010-07-14 14:35:49'),(900,68,6,8,NULL,'2010-07-14 14:35:49','2010-07-14 14:35:49'),(901,68,7,6,NULL,'2010-07-14 14:35:49','2010-07-14 14:35:49'),(902,69,13,6,NULL,'2010-07-14 14:36:15','2010-07-14 14:36:15'),(903,69,8,7,NULL,'2010-07-14 14:36:15','2010-07-14 14:36:15'),(904,69,14,5,NULL,'2010-07-14 14:36:15','2010-07-14 14:36:15'),(905,69,9,5,NULL,'2010-07-14 14:36:15','2010-07-14 14:36:15'),(906,69,15,6,NULL,'2010-07-14 14:36:15','2010-07-14 14:36:15'),(907,69,10,3,NULL,'2010-07-14 14:36:15','2010-07-14 14:36:15'),(908,69,16,6,NULL,'2010-07-14 14:36:15','2010-07-14 14:36:15'),(909,69,11,9,NULL,'2010-07-14 14:36:15','2010-07-14 14:36:15'),(910,69,17,6,NULL,'2010-07-14 14:36:15','2010-07-14 14:36:15'),(911,69,18,6,NULL,'2010-07-14 14:36:15','2010-07-14 14:36:15'),(912,69,2,6,NULL,'2010-07-14 14:36:15','2010-07-14 14:36:15'),(913,69,19,5,NULL,'2010-07-14 14:36:15','2010-07-14 14:36:15'),(914,69,3,7,NULL,'2010-07-14 14:36:15','2010-07-14 14:36:15'),(915,69,4,6,NULL,'2010-07-14 14:36:15','2010-07-14 14:36:15'),(916,69,5,6,NULL,'2010-07-14 14:36:15','2010-07-14 14:36:15'),(917,69,12,7,NULL,'2010-07-14 14:36:15','2010-07-14 14:36:15'),(918,69,6,9,NULL,'2010-07-14 14:36:15','2010-07-14 14:36:15'),(919,69,7,6,NULL,'2010-07-14 14:36:16','2010-07-14 14:36:16'),(920,70,13,6,NULL,'2010-07-14 14:36:42','2010-07-14 14:36:42'),(921,70,8,6,NULL,'2010-07-14 14:36:42','2010-07-14 14:36:42'),(922,70,14,7,NULL,'2010-07-14 14:36:42','2010-07-14 14:36:42'),(923,70,9,6,NULL,'2010-07-14 14:36:43','2010-07-14 14:36:43'),(924,70,15,8,NULL,'2010-07-14 14:36:43','2010-07-14 14:36:43'),(925,70,10,5,NULL,'2010-07-14 14:36:43','2010-07-14 14:36:43'),(926,70,16,7,NULL,'2010-07-14 14:36:43','2010-07-14 14:36:43'),(927,70,11,5,NULL,'2010-07-14 14:36:43','2010-07-14 14:36:43'),(928,70,17,10,NULL,'2010-07-14 14:36:43','2010-07-14 14:36:43'),(929,70,18,4,NULL,'2010-07-14 14:36:43','2010-07-14 14:36:43'),(930,70,2,8,NULL,'2010-07-14 14:36:43','2010-07-14 14:36:43'),(931,70,19,8,NULL,'2010-07-14 14:36:43','2010-07-14 14:36:43'),(932,70,3,6,NULL,'2010-07-14 14:36:43','2010-07-14 14:36:43'),(933,70,4,5,NULL,'2010-07-14 14:36:43','2010-07-14 14:36:43'),(934,70,5,7,NULL,'2010-07-14 14:36:43','2010-07-14 14:36:43'),(935,70,12,7,NULL,'2010-07-14 14:36:43','2010-07-14 14:36:43'),(936,70,6,7,NULL,'2010-07-14 14:36:43','2010-07-14 14:36:43'),(937,70,7,6,NULL,'2010-07-14 14:36:43','2010-07-14 14:36:43'),(938,71,13,7,NULL,'2010-07-14 15:05:17','2010-07-14 15:05:17'),(939,71,8,7,NULL,'2010-07-14 15:05:17','2010-07-14 15:05:17'),(940,71,14,5,NULL,'2010-07-14 15:05:17','2010-07-14 15:05:17'),(941,71,9,7,NULL,'2010-07-14 15:05:17','2010-07-14 15:05:17'),(942,71,15,8,NULL,'2010-07-14 15:05:17','2010-07-14 15:05:17'),(943,71,10,10,NULL,'2010-07-14 15:05:17','2010-07-14 15:05:17'),(944,71,16,7,NULL,'2010-07-14 15:05:17','2010-07-14 15:05:17'),(945,71,11,6,NULL,'2010-07-14 15:05:17','2010-07-14 15:05:17'),(946,71,17,8,NULL,'2010-07-14 15:05:17','2010-07-14 15:05:17'),(947,71,18,4,NULL,'2010-07-14 15:05:17','2010-07-14 15:05:17'),(948,71,2,7,NULL,'2010-07-14 15:05:17','2010-07-14 15:05:17'),(949,71,19,8,NULL,'2010-07-14 15:05:18','2010-07-14 15:05:18'),(950,71,3,5,NULL,'2010-07-14 15:05:18','2010-07-14 15:05:18'),(951,71,4,5,NULL,'2010-07-14 15:05:18','2010-07-14 15:05:18'),(952,71,5,7,NULL,'2010-07-14 15:05:18','2010-07-14 15:05:18'),(953,71,12,7,NULL,'2010-07-14 15:05:18','2010-07-14 15:05:18'),(954,71,6,9,NULL,'2010-07-14 15:05:18','2010-07-14 15:05:18'),(955,71,7,6,NULL,'2010-07-14 15:05:18','2010-07-14 15:05:18'),(956,72,13,7,NULL,'2010-07-14 15:05:42','2010-07-14 15:05:42'),(957,72,8,6,NULL,'2010-07-14 15:05:42','2010-07-14 15:05:42'),(958,72,14,5,NULL,'2010-07-14 15:05:42','2010-07-14 15:05:42'),(959,72,9,7,NULL,'2010-07-14 15:05:42','2010-07-14 15:05:42'),(960,72,15,8,NULL,'2010-07-14 15:05:42','2010-07-14 15:05:42'),(961,72,10,4,NULL,'2010-07-14 15:05:42','2010-07-14 15:05:42'),(962,72,16,6,NULL,'2010-07-14 15:05:42','2010-07-14 15:05:42'),(963,72,11,6,NULL,'2010-07-14 15:05:42','2010-07-14 15:05:42'),(964,72,17,8,NULL,'2010-07-14 15:05:42','2010-07-14 15:05:42'),(965,72,18,4,NULL,'2010-07-14 15:05:42','2010-07-14 15:05:42'),(966,72,2,5,NULL,'2010-07-14 15:05:42','2010-07-14 15:05:42'),(967,72,19,4,NULL,'2010-07-14 15:05:42','2010-07-14 15:05:42'),(968,72,3,4,NULL,'2010-07-14 15:05:42','2010-07-14 15:05:42'),(969,72,4,5,NULL,'2010-07-14 15:05:42','2010-07-14 15:05:42'),(970,72,5,6,NULL,'2010-07-14 15:05:42','2010-07-14 15:05:42'),(971,72,12,7,NULL,'2010-07-14 15:05:42','2010-07-14 15:05:42'),(972,72,6,6,NULL,'2010-07-14 15:05:42','2010-07-14 15:05:42'),(973,72,7,8,NULL,'2010-07-14 15:05:42','2010-07-14 15:05:42'),(974,73,13,7,NULL,'2010-07-14 15:06:25','2010-07-14 15:06:25'),(975,73,8,5,NULL,'2010-07-14 15:06:25','2010-07-14 15:06:25'),(976,73,14,5,NULL,'2010-07-14 15:06:26','2010-07-14 15:06:26'),(977,73,9,5,NULL,'2010-07-14 15:06:26','2010-07-14 15:06:26'),(978,73,15,8,NULL,'2010-07-14 15:06:26','2010-07-14 15:06:26'),(979,73,10,5,NULL,'2010-07-14 15:06:26','2010-07-14 15:06:26'),(980,73,16,5,NULL,'2010-07-14 15:06:26','2010-07-14 15:06:26'),(981,73,11,7,NULL,'2010-07-14 15:06:26','2010-07-14 15:06:26'),(982,73,17,8,NULL,'2010-07-14 15:06:26','2010-07-14 15:06:26'),(983,73,18,5,NULL,'2010-07-14 15:06:26','2010-07-14 15:06:26'),(984,73,2,7,NULL,'2010-07-14 15:06:26','2010-07-14 15:06:26'),(985,73,19,6,NULL,'2010-07-14 15:06:26','2010-07-14 15:06:26'),(986,73,3,6,NULL,'2010-07-14 15:06:26','2010-07-14 15:06:26'),(987,73,4,4,NULL,'2010-07-14 15:06:26','2010-07-14 15:06:26'),(988,73,5,6,NULL,'2010-07-14 15:06:26','2010-07-14 15:06:26'),(989,73,12,6,NULL,'2010-07-14 15:06:27','2010-07-14 15:06:27'),(990,73,6,9,NULL,'2010-07-14 15:06:27','2010-07-14 15:06:27'),(991,73,7,6,NULL,'2010-07-14 15:06:27','2010-07-14 15:06:27'),(992,74,13,7,NULL,'2010-07-14 15:06:55','2010-07-14 15:06:55'),(993,74,8,6,NULL,'2010-07-14 15:06:55','2010-07-14 15:06:55'),(994,74,14,4,NULL,'2010-07-14 15:06:55','2010-07-14 15:06:55'),(995,74,9,6,NULL,'2010-07-14 15:06:55','2010-07-14 15:06:55'),(996,74,15,8,NULL,'2010-07-14 15:06:55','2010-07-14 15:06:55'),(997,74,10,6,NULL,'2010-07-14 15:06:55','2010-07-14 15:06:55'),(998,74,16,6,NULL,'2010-07-14 15:06:55','2010-07-14 15:06:55'),(999,74,11,6,NULL,'2010-07-14 15:06:55','2010-07-14 15:06:55'),(1000,74,17,7,NULL,'2010-07-14 15:06:55','2010-07-14 15:06:55'),(1001,74,18,4,NULL,'2010-07-14 15:06:55','2010-07-14 15:06:55'),(1002,74,2,10,NULL,'2010-07-14 15:06:55','2010-07-14 15:06:55'),(1003,74,19,5,NULL,'2010-07-14 15:06:55','2010-07-14 15:06:55'),(1004,74,3,5,NULL,'2010-07-14 15:06:55','2010-07-14 15:06:55'),(1005,74,4,5,NULL,'2010-07-14 15:06:55','2010-07-14 15:06:55'),(1006,74,5,7,NULL,'2010-07-14 15:06:55','2010-07-14 15:06:55'),(1007,74,12,8,NULL,'2010-07-14 15:06:55','2010-07-14 15:06:55'),(1008,74,6,7,NULL,'2010-07-14 15:06:55','2010-07-14 15:06:55'),(1009,74,7,7,NULL,'2010-07-14 15:06:56','2010-07-14 15:06:56'),(1010,75,49,4,NULL,'2010-07-24 18:16:39','2010-07-24 18:16:39'),(1011,75,44,5,NULL,'2010-07-24 18:16:39','2010-07-24 18:16:39'),(1012,75,50,7,NULL,'2010-07-24 18:16:39','2010-07-24 18:16:39'),(1013,75,45,3,NULL,'2010-07-24 18:16:39','2010-07-24 18:16:39'),(1014,75,51,6,NULL,'2010-07-24 18:16:39','2010-07-24 18:16:39'),(1015,75,46,5,NULL,'2010-07-24 18:16:39','2010-07-24 18:16:39'),(1016,75,52,5,NULL,'2010-07-24 18:16:39','2010-07-24 18:16:39'),(1017,75,47,5,NULL,'2010-07-24 18:16:39','2010-07-24 18:16:39'),(1018,75,53,4,NULL,'2010-07-24 18:16:39','2010-07-24 18:16:39'),(1019,75,54,6,NULL,'2010-07-24 18:16:39','2010-07-24 18:16:39'),(1020,75,38,5,NULL,'2010-07-24 18:16:39','2010-07-24 18:16:39'),(1021,75,55,5,NULL,'2010-07-24 18:16:40','2010-07-24 18:16:40'),(1022,75,39,4,NULL,'2010-07-24 18:16:40','2010-07-24 18:16:40'),(1023,75,40,6,NULL,'2010-07-24 18:16:40','2010-07-24 18:16:40'),(1024,75,41,4,NULL,'2010-07-24 18:16:40','2010-07-24 18:16:40'),(1025,75,48,6,NULL,'2010-07-24 18:16:40','2010-07-24 18:16:40'),(1026,75,42,5,NULL,'2010-07-24 18:16:40','2010-07-24 18:16:40'),(1027,75,43,6,NULL,'2010-07-24 18:16:40','2010-07-24 18:16:40');
/*!40000 ALTER TABLE `card_strokes` ENABLE KEYS */;
UNLOCK TABLES;

--
-- Table structure for table `cards`
--

DROP TABLE IF EXISTS `cards`;
/*!40101 SET @saved_cs_client     = @@character_set_client */;
/*!40101 SET character_set_client = utf8 */;
CREATE TABLE `cards` (
  `id` int(11) NOT NULL AUTO_INCREMENT,
  `player_id` int(11) DEFAULT NULL,
  `match_id` int(11) DEFAULT NULL,
  `strokes_total` int(11) DEFAULT NULL,
  `strokes_first_9` int(11) DEFAULT NULL,
  `strokes_second_9` int(11) DEFAULT NULL,
  `created_at` datetime DEFAULT NULL,
  `updated_at` datetime DEFAULT NULL,
  PRIMARY KEY (`id`)
) ENGINE=InnoDB AUTO_INCREMENT=76 DEFAULT CHARSET=latin1;
/*!40101 SET character_set_client = @saved_cs_client */;

--
-- Dumping data for table `cards`
--

LOCK TABLES `cards` WRITE;
/*!40000 ALTER TABLE `cards` DISABLE KEYS */;
INSERT INTO `cards` VALUES (27,15,7,122,61,61,'2009-12-08 19:02:28','2009-12-08 19:02:29'),(28,16,7,114,58,56,'2009-12-08 19:03:26','2009-12-08 19:03:27'),(29,17,7,127,66,61,'2009-12-08 19:04:10','2009-12-08 19:04:11'),(30,18,8,107,50,57,'2009-12-08 19:06:25','2009-12-08 19:06:26'),(31,19,8,104,55,49,'2009-12-08 19:06:53','2009-12-08 19:14:23'),(32,20,8,111,56,55,'2009-12-08 19:07:43','2009-12-08 19:07:44'),(33,21,8,113,57,56,'2009-12-08 19:08:38','2009-12-08 19:16:54'),(34,22,9,90,45,45,'2009-12-08 21:22:52','2009-12-08 21:22:53'),(35,23,9,100,44,56,'2009-12-24 16:16:46','2009-12-24 16:16:47'),(36,24,10,103,54,49,'2009-12-24 16:47:45','2009-12-24 16:47:46'),(37,25,10,109,60,49,'2009-12-24 16:48:12','2009-12-24 16:48:13'),(38,26,10,119,62,57,'2009-12-24 16:48:37','2009-12-24 16:48:38'),(39,27,10,120,63,57,'2009-12-24 16:49:12','2009-12-24 16:49:13'),(42,12,6,90,45,45,'2009-12-25 20:01:36','2009-12-25 20:01:37'),(43,13,6,90,45,45,'2009-12-25 20:02:59','2009-12-25 20:03:00'),(44,14,7,90,45,45,'2009-12-25 20:43:13','2009-12-25 20:43:14'),(46,28,11,114,58,56,'2010-01-03 19:28:40','2010-01-03 19:28:41'),(47,29,11,117,59,58,'2010-01-03 19:29:10','2010-01-03 19:29:11'),(48,31,11,115,56,59,'2010-01-03 19:29:39','2010-01-03 19:29:40'),(49,32,11,128,66,62,'2010-01-03 19:30:05','2010-01-03 19:30:06'),(50,42,22,108,49,59,'2010-06-20 18:04:31','2010-07-14 14:00:30'),(51,43,22,113,59,54,'2010-06-20 18:05:08','2010-06-20 18:05:09'),(52,44,22,124,62,62,'2010-06-20 18:05:33','2010-06-20 18:05:35'),(53,45,22,108,51,57,'2010-06-20 18:06:02','2010-06-20 18:06:04'),(54,46,23,106,57,49,'2010-06-21 07:55:49','2010-06-21 07:55:50'),(55,47,23,113,60,53,'2010-06-21 07:56:18','2010-06-21 07:56:19'),(56,54,26,90,45,45,'2010-07-12 11:10:01','2010-07-12 11:10:02'),(57,57,26,90,45,45,'2010-07-12 11:18:23','2010-07-12 11:18:24'),(58,40,20,78,38,40,'2010-07-12 12:05:27','2010-07-12 12:05:29'),(59,88,42,82,54,28,'2010-07-14 14:09:45','2010-07-14 14:09:46'),(60,89,42,77,50,27,'2010-07-14 14:10:13','2010-07-14 14:10:15'),(61,90,42,89,57,32,'2010-07-14 14:11:40','2010-07-14 14:11:42'),(62,91,42,89,58,31,'2010-07-14 14:12:18','2010-07-14 14:12:19'),(63,92,43,106,55,51,'2010-07-14 14:18:53','2010-07-14 14:18:54'),(64,93,43,101,47,54,'2010-07-14 14:22:37','2010-07-14 14:22:38'),(65,94,43,118,59,59,'2010-07-14 14:23:12','2010-07-14 14:23:13'),(66,95,43,116,56,60,'2010-07-14 14:30:27','2010-07-14 14:30:29'),(67,96,44,107,56,51,'2010-07-14 14:34:28','2010-07-14 14:34:30'),(68,97,44,101,51,50,'2010-07-14 14:35:47','2010-07-14 14:35:49'),(69,98,44,111,55,56,'2010-07-14 14:36:14','2010-07-14 14:36:16'),(70,99,44,118,56,62,'2010-07-14 14:36:42','2010-07-14 14:36:44'),(71,100,45,123,63,60,'2010-07-14 15:05:17','2010-07-14 15:05:18'),(72,101,45,106,51,55,'2010-07-14 15:05:42','2010-07-14 15:05:43'),(73,102,45,110,53,57,'2010-07-14 15:06:25','2010-07-14 15:06:27'),(74,103,45,114,59,55,'2010-07-14 15:06:54','2010-07-14 15:06:56'),(75,110,48,91,43,48,'2010-07-24 18:16:39','2010-07-24 18:16:40');
/*!40000 ALTER TABLE `cards` ENABLE KEYS */;
UNLOCK TABLES;

--
-- Table structure for table `charts`
--

DROP TABLE IF EXISTS `charts`;
/*!40101 SET @saved_cs_client     = @@character_set_client */;
/*!40101 SET character_set_client = utf8 */;
CREATE TABLE `charts` (
  `id` int(11) NOT NULL AUTO_INCREMENT,
  `created_at` datetime DEFAULT NULL,
  `updated_at` datetime DEFAULT NULL,
  PRIMARY KEY (`id`)
) ENGINE=InnoDB DEFAULT CHARSET=latin1;
/*!40101 SET character_set_client = @saved_cs_client */;

--
-- Dumping data for table `charts`
--

LOCK TABLES `charts` WRITE;
/*!40000 ALTER TABLE `charts` DISABLE KEYS */;
/*!40000 ALTER TABLE `charts` ENABLE KEYS */;
UNLOCK TABLES;

--
-- Table structure for table `contacts`
--

DROP TABLE IF EXISTS `contacts`;
/*!40101 SET @saved_cs_client     = @@character_set_client */;
/*!40101 SET character_set_client = utf8 */;
CREATE TABLE `contacts` (
  `id` int(11) NOT NULL AUTO_INCREMENT,
  `name` varchar(255) DEFAULT NULL,
  `email` varchar(255) DEFAULT NULL,
  `query` varchar(4000) DEFAULT NULL,
  `created_at` datetime DEFAULT NULL,
  `updated_at` datetime DEFAULT NULL,
  PRIMARY KEY (`id`)
) ENGINE=InnoDB AUTO_INCREMENT=16 DEFAULT CHARSET=latin1;
/*!40101 SET character_set_client = @saved_cs_client */;

--
-- Dumping data for table `contacts`
--

LOCK TABLES `contacts` WRITE;
/*!40000 ALTER TABLE `contacts` DISABLE KEYS */;
INSERT INTO `contacts` VALUES (1,NULL,NULL,NULL,'2010-07-25 15:33:08','2010-07-25 15:33:08'),(2,'Eladio Ruiz','eladioruiz@gmail.com','prueba 2','2010-07-25 15:33:46','2010-07-25 15:33:46'),(3,'Eladio Ruiz','eladioruiz@gmail.com','Prueba hoy','2010-07-26 16:11:46','2010-07-26 16:11:46'),(4,'Eladio Ruiz','eladioruiz@gmail.com','Prueba hoy2','2010-07-26 16:12:08','2010-07-26 16:12:08'),(5,'Eladio Ruiz','eladioruiz@gmail.com','Prueba Hoy 3','2010-07-26 16:12:34','2010-07-26 16:12:34'),(6,'Eladio RUiz','eladioruiz@gmail.com','caraculo','2010-07-26 16:14:00','2010-07-26 16:14:00'),(7,'sdfsdf','sdfsdf','sdfsdf','2010-07-26 16:14:38','2010-07-26 16:14:38'),(8,'dfgh ','dfghdfgh','fdghdfgh','2010-07-26 16:15:14','2010-07-26 16:15:14'),(9,'Eladio Ruiz','eladioruiz@gmail.com','Incluir nuevo campo: Finca Cortesn (Mlaga)','2010-07-30 09:50:03','2010-07-30 09:50:03'),(10,'Eladio Ruiz','eladioruiz@gmail.com','Incluir nuevo campo: Finca Cortesn (Mlaga)','2010-07-30 09:57:28','2010-07-30 09:57:28'),(11,'Eladio Ruiz','eladioruiz@gmail.com','Incluir nuevo campo: Finca Cortesn (Mlaga)','2010-07-30 09:57:51','2010-07-30 09:57:51'),(12,'Eladio Ruiz','eladioruiz@gmail.com','Incluir nuevo campo: Finca Cortesn (Mlaga)','2010-07-30 09:58:33','2010-07-30 09:58:33'),(13,'Eladio Ruiz','eladioruiz@gmail.com','Incluir nuevo campo: Finca Cortesn (Mlaga)','2010-07-30 09:59:29','2010-07-30 09:59:29'),(14,'Eladio Ruiz','eladioruiz@gmail.com','Incluir nuevo campo: Finca Cortesn (Mlaga)','2010-07-30 10:00:03','2010-07-30 10:00:03'),(15,'Eladio Ruiz','eladioruiz@gmail.com','Incluir nuevo campo: Finca Cortesn (Mlaga)','2010-07-30 10:00:32','2010-07-30 10:00:32');
/*!40000 ALTER TABLE `contacts` ENABLE KEYS */;
UNLOCK TABLES;

--
-- Table structure for table `course_images`
--

DROP TABLE IF EXISTS `course_images`;
/*!40101 SET @saved_cs_client     = @@character_set_client */;
/*!40101 SET character_set_client = utf8 */;
CREATE TABLE `course_images` (
  `id` int(11) NOT NULL AUTO_INCREMENT,
  `course_id` int(11) DEFAULT NULL,
  `filename` varchar(255) DEFAULT NULL,
  `principal` int(11) DEFAULT NULL,
  `created_at` datetime DEFAULT NULL,
  `updated_at` datetime DEFAULT NULL,
  `title` varchar(50) DEFAULT NULL,
  PRIMARY KEY (`id`)
) ENGINE=InnoDB AUTO_INCREMENT=6 DEFAULT CHARSET=latin1;
/*!40101 SET character_set_client = @saved_cs_client */;

--
-- Dumping data for table `course_images`
--

LOCK TABLES `course_images` WRITE;
/*!40000 ALTER TABLE `course_images` DISABLE KEYS */;
INSERT INTO `course_images` VALUES (1,1,'map.jpg',0,NULL,NULL,'Mapa del campo'),(2,1,'hoyo02.jpg',0,NULL,NULL,'Hoyo 2'),(3,1,'hoyo02_2.jpg',0,NULL,NULL,'Hoyo 2'),(4,1,'hoyo05.jpg',0,NULL,NULL,'Hoyo 5'),(5,1,'hoyo06.jpg',0,NULL,NULL,'Hoyo 6');
/*!40000 ALTER TABLE `course_images` ENABLE KEYS */;
UNLOCK TABLES;

--
-- Table structure for table `course_types`
--

DROP TABLE IF EXISTS `course_types`;
/*!40101 SET @saved_cs_client     = @@character_set_client */;
/*!40101 SET character_set_client = utf8 */;
CREATE TABLE `course_types` (
  `id` int(11) NOT NULL AUTO_INCREMENT,
  `description` varchar(50) DEFAULT NULL,
  PRIMARY KEY (`id`)
) ENGINE=InnoDB AUTO_INCREMENT=7 DEFAULT CHARSET=latin1;
/*!40101 SET character_set_client = @saved_cs_client */;

--
-- Dumping data for table `course_types`
--

LOCK TABLES `course_types` WRITE;
/*!40000 ALTER TABLE `course_types` DISABLE KEYS */;
INSERT INTO `course_types` VALUES (0,'Sin definir'),(1,'Campo Abierto'),(2,'Junto al mar'),(3,'Residencial'),(4,'Forestal'),(5,'Rstico'),(6,'Urbano');
/*!40000 ALTER TABLE `course_types` ENABLE KEYS */;
UNLOCK TABLES;

--
-- Table structure for table `courses`
--

DROP TABLE IF EXISTS `courses`;
/*!40101 SET @saved_cs_client     = @@character_set_client */;
/*!40101 SET character_set_client = utf8 */;
CREATE TABLE `courses` (
  `id` int(11) NOT NULL AUTO_INCREMENT,
  `name` varchar(255) DEFAULT NULL,
  `address` varchar(255) DEFAULT NULL,
  `handicap` int(11) DEFAULT NULL,
  `length_white` int(11) DEFAULT NULL,
  `length_blue` int(11) DEFAULT NULL,
  `length_yellow` int(11) DEFAULT NULL,
  `length_red` int(11) DEFAULT NULL,
  `enabled` tinyint(1) DEFAULT '1',
  `created_at` datetime DEFAULT NULL,
  `updated_at` datetime DEFAULT NULL,
  `n_holes` int(11) DEFAULT '18',
  `short_description` varchar(250) DEFAULT NULL,
  `long_description` varchar(1000) DEFAULT NULL,
  `founded` varchar(100) DEFAULT NULL,
  `designer` varchar(100) DEFAULT NULL,
  `course_type_id` int(11) DEFAULT NULL,
  `ability_recommended` int(11) DEFAULT NULL,
  `maintance` int(11) DEFAULT NULL,
  `relief` int(11) DEFAULT NULL,
  `wind` int(11) DEFAULT NULL,
  `water_in_play` int(11) DEFAULT NULL,
  `trees_in_play` int(11) DEFAULT NULL,
  `location_latitude` varchar(255) DEFAULT NULL,
  `location_longitude` varchar(255) DEFAULT NULL,
  `privacy_type_id` int(11) DEFAULT '1',
  PRIMARY KEY (`id`)
) ENGINE=InnoDB AUTO_INCREMENT=10 DEFAULT CHARSET=latin1;
/*!40101 SET character_set_client = @saved_cs_client */;

--
-- Dumping data for table `courses`
--

LOCK TABLES `courses` WRITE;
/*!40000 ALTER TABLE `courses` DISABLE KEYS */;
INSERT INTO `courses` VALUES (1,'Club Jarama RACE','Ctra Burgos km 28',72,6497,NULL,6070,5109,1,'2009-11-29 18:01:22','2010-06-16 20:37:58',18,'Sobre la Sierra de Madrid se localiza este campo de golf con excelentes vistas sobre la capital. Sus anchas calles estn bien protegidas por rboles y van venciendo los diferentes desniveles que tiene el terreno. La mayor dificultad se encuentra en l','Sobre la Sierra de Madrid se localiza este campo de golf con excelentes vistas sobre la capital. Sus anchas calles estn bien protegidas por rboles y van venciendo los diferentes desniveles que tiene el terreno. La mayor dificultad se encuentra en los greenes, muy protegidos y con gran nmero de bnkers.','1967','Javier Arana',5,8,5,6,7,3,7,'40.62191','-3.59777',1),(2,'La Duquesa','Sabinillas',72,6062,5204,5577,4885,1,'2009-11-29 18:01:44','2010-06-08 14:42:51',18,'Un recorrido agradable para todo tipo de estilos bien diferenciados.','Un recorrido agradable para todo tipo de estilos bien diferenciados. La primera parte cuenta con calles estrechas y greenes exigentes, mientras que en la segunda las calles son ms anchas y los hoyos ms fciles de afrontar. Buen emplazamiento de los bunkers.','1983','Robert Trend Jones',1,8,8,6,4,6,6,NULL,NULL,1),(5,'Club de Golf Oliva Nova','Urbanizacin Oliva Nova Golf 46780 Oliva (Valencia)',72,6270,NULL,6037,5157,1,'2010-06-08 12:33:22','2010-06-08 12:33:22',18,'Campo diseado por Severiano Ballesteros, ofrece un recorrido muy completo.','Campo diseado por el campen espaol Severiano Ballesteros. Ofrece un recorrido muy completo, con todas las ventajas para convertirse en un lugar de referencia en elmundo del golf.','1995','Severiano Ballesteros',3,7,8,5,7,7,7,NULL,NULL,1),(6,'Club de Campo Villa de Madrid','Ctra. Castilla km 2; 28040 Madrid',71,6374,NULL,6045,5111,1,'2010-06-14 10:18:53','2010-06-14 10:18:53',18,'Un complejo de grandes dimensiones al pie de Madrid. Presenta numerosos obstculos, principalmente rboles y bnkers, que exigen una buena tcnica y un juego preciso.','Un complejo de grandes dimensiones al pie de Madrid. Presenta numerosos obstculos, principalmente rboles y bnkers, que exigen una buena tcnica y un juego preciso.','1932','Javier Arana',6,8,8,6,7,3,8,NULL,NULL,1),(7,'Club de Golf Somosaguas','Avda de la Cabaa s/n; 28223 Pozuelo de Alarcn',70,6054,NULL,5683,4982,1,'2010-06-14 10:28:09','2010-06-14 10:28:09',18,'Este campo de 9 hoyos que se juegan dos veces se est trasnformando radicalmente.Entre los diferentes obstculos que presenta destacan el lago del hoyo 4, el nico existente durante el recorrido, y la compleja situacin de los bnkers. Pueden disfrut','Este campo de 9 hoyos que se juegan dos veces se est trasnformando radicalmente.Entre los diferentes obstculos que presenta destacan el lago del hoyo 4, el nico existente durante el recorrido, y la compleja situacin de los bnkers. Pueden disfrutar en e? todo tipo de jugadores, pues se trata de un campo de nivel asequible.','1995','Mackenzie Ross',1,8,7,6,6,4,6,NULL,NULL,1),(8,'Club de Golf Lomas - Bosque','Guadiana 102 Urbanizacin El Bosque; 28670 Villaviciosa de Odn',72,6148,NULL,5869,5024,1,'2010-06-14 10:31:17','2010-06-14 10:31:17',18,'Este campo est asentado sobre un terreno bastante irregular,lo que dificulta en ocasiones el juego. La mayora de las calles de la primera parte estn flanqueadas por rboles, mientras que las dela segunda cuentan con un lago de grandes dimensiones ','Este campo est asentado sobre un terreno bastante irregular,lo que dificulta en ocasiones el juego. La mayora de las calles de la primera parte estn flanqueadas por rboles, mientras que las dela segunda cuentan con un lago de grandes dimensiones como obstculo principal. Para todo tipo de jugadores.','1973','Robert D. Putman',0,7,8,5,7,7,6,NULL,NULL,1),(9,'Casino Club de Golf Los Retamares','Ctra de Algete a Alapardo km 2,300 - 28310 Alapardo-Valdeolmos',72,6238,NULL,6038,5114,1,'2010-06-17 15:15:40','2010-06-17 15:15:40',18,NULL,'Un campo ideado para todo tipo de jugadores. El recorrido es muy asequible y permite la utilizacin de todos los palos. Son de destacar los greenes rpidos y la estratgica ubicacin de los bnkers.','1991','IGD',4,7,7,6,6,6,6,NULL,NULL,1);
/*!40000 ALTER TABLE `courses` ENABLE KEYS */;
UNLOCK TABLES;

--
-- Table structure for table `dummies`
--

DROP TABLE IF EXISTS `dummies`;
/*!40101 SET @saved_cs_client     = @@character_set_client */;
/*!40101 SET character_set_client = utf8 */;
CREATE TABLE `dummies` (
  `id` int(11) NOT NULL AUTO_INCREMENT,
  `fool_text` varchar(255) DEFAULT NULL,
  `created_at` datetime DEFAULT NULL,
  `updated_at` datetime DEFAULT NULL,
  PRIMARY KEY (`id`)
) ENGINE=InnoDB DEFAULT CHARSET=latin1;
/*!40101 SET character_set_client = @saved_cs_client */;

--
-- Dumping data for table `dummies`
--

LOCK TABLES `dummies` WRITE;
/*!40000 ALTER TABLE `dummies` DISABLE KEYS */;
/*!40000 ALTER TABLE `dummies` ENABLE KEYS */;
UNLOCK TABLES;

--
-- Table structure for table `holes`
--

DROP TABLE IF EXISTS `holes`;
/*!40101 SET @saved_cs_client     = @@character_set_client */;
/*!40101 SET character_set_client = utf8 */;
CREATE TABLE `holes` (
  `id` int(11) NOT NULL AUTO_INCREMENT,
  `course_id` int(11) DEFAULT NULL,
  `number` int(11) DEFAULT NULL,
  `par` int(11) DEFAULT NULL,
  `handicap` int(11) DEFAULT NULL,
  `enabled` tinyint(1) DEFAULT '1',
  `created_at` datetime DEFAULT NULL,
  `updated_at` datetime DEFAULT NULL,
  `length_red` int(11) DEFAULT NULL,
  `length_yellow` int(11) DEFAULT NULL,
  `length_blue` int(11) DEFAULT NULL,
  `length_white` int(11) DEFAULT NULL,
  PRIMARY KEY (`id`)
) ENGINE=InnoDB AUTO_INCREMENT=146 DEFAULT CHARSET=latin1;
/*!40101 SET character_set_client = @saved_cs_client */;

--
-- Dumping data for table `holes`
--

LOCK TABLES `holes` WRITE;
/*!40000 ALTER TABLE `holes` DISABLE KEYS */;
INSERT INTO `holes` VALUES (2,1,1,5,15,1,'2009-12-06 18:48:46','2009-12-06 18:48:46',NULL,NULL,NULL,NULL),(3,1,2,4,11,1,'2009-12-06 18:48:46','2009-12-06 18:48:46',NULL,NULL,NULL,NULL),(4,1,3,3,5,1,'2009-12-06 18:48:46','2009-12-06 18:48:46',NULL,NULL,NULL,NULL),(5,1,4,4,7,1,'2009-12-06 18:48:46','2009-12-06 18:48:46',NULL,NULL,NULL,NULL),(6,1,5,5,3,1,'2009-12-06 18:48:46','2009-12-06 18:48:46',NULL,NULL,NULL,NULL),(7,1,6,4,1,1,'2009-12-06 18:48:46','2009-12-06 18:48:46',NULL,NULL,NULL,NULL),(8,1,7,4,13,1,'2009-12-06 18:48:46','2009-12-06 18:48:46',NULL,NULL,NULL,NULL),(9,1,8,4,17,1,'2009-12-06 18:48:46','2009-12-06 18:48:46',NULL,NULL,NULL,NULL),(10,1,9,3,9,1,'2009-12-06 18:48:46','2009-12-06 18:48:46',NULL,NULL,NULL,NULL),(11,1,10,4,10,1,'2009-12-06 18:48:46','2009-12-06 18:48:46',NULL,NULL,NULL,NULL),(12,1,11,5,18,1,'2009-12-06 18:48:46','2009-12-06 18:48:46',NULL,NULL,NULL,NULL),(13,1,12,4,4,1,'2009-12-06 18:48:46','2009-12-06 18:48:46',NULL,NULL,NULL,NULL),(14,1,13,3,6,1,'2009-12-06 18:48:46','2009-12-06 18:48:46',NULL,NULL,NULL,NULL),(15,1,14,5,16,1,'2009-12-06 18:48:46','2009-12-06 18:48:46',NULL,NULL,NULL,NULL),(16,1,15,4,8,1,'2009-12-06 18:48:46','2009-12-06 18:48:46',NULL,NULL,NULL,NULL),(17,1,16,4,2,1,'2009-12-06 18:48:46','2009-12-06 18:48:46',NULL,NULL,NULL,NULL),(18,1,17,3,12,1,'2009-12-06 18:48:47','2009-12-06 18:48:47',NULL,NULL,NULL,NULL),(19,1,18,4,14,1,'2009-12-06 18:48:47','2009-12-06 18:48:47',NULL,NULL,NULL,NULL),(38,2,1,4,11,1,'2009-12-06 21:33:52','2009-12-06 21:33:52',276,313,298,342),(39,2,2,4,17,1,'2009-12-06 21:33:52','2009-12-06 21:33:52',226,295,265,335),(40,2,3,3,13,1,'2009-12-06 21:33:52','2009-12-06 21:33:52',113,130,122,140),(41,2,4,4,1,1,'2009-12-06 21:33:52','2009-12-06 21:33:52',289,342,326,375),(42,2,5,3,7,1,'2009-12-06 21:33:52','2009-12-06 21:33:52',120,154,134,181),(43,2,6,4,3,1,'2009-12-06 21:33:52','2009-12-06 21:33:52',273,340,297,373),(44,2,7,5,5,1,'2009-12-06 21:33:52','2009-12-06 21:33:52',407,474,441,493),(45,2,8,4,15,1,'2009-12-06 21:33:52','2009-12-06 21:33:52',270,299,296,337),(46,2,9,5,9,1,'2009-12-06 21:33:52','2009-12-06 21:33:52',421,463,431,499),(47,2,10,5,2,1,'2009-12-06 21:33:52','2009-12-06 21:33:52',436,493,462,504),(48,2,11,3,12,1,'2009-12-06 21:33:52','2009-12-06 21:33:52',126,150,129,168),(49,2,12,4,6,1,'2009-12-06 21:33:52','2009-12-06 21:33:52',290,311,305,325),(50,2,13,4,18,1,'2009-12-06 21:33:52','2009-12-06 21:33:52',272,309,282,337),(51,2,14,5,4,1,'2009-12-06 21:33:52','2009-12-06 21:33:52',402,466,429,500),(52,2,15,3,14,1,'2009-12-06 21:33:52','2009-12-06 21:33:52',118,137,121,169),(53,2,16,4,8,1,'2009-12-06 21:33:52','2009-12-06 21:33:52',290,319,307,339),(54,2,17,3,16,1,'2009-12-06 21:33:52','2009-12-06 21:33:52',106,109,107,133),(55,2,18,5,10,1,'2009-12-06 21:33:52','2009-12-06 21:33:52',450,473,452,512),(56,5,1,NULL,NULL,1,'2010-06-21 07:53:25','2010-06-21 07:53:25',NULL,NULL,NULL,NULL),(57,5,2,NULL,NULL,1,'2010-06-21 07:53:25','2010-06-21 07:53:25',NULL,NULL,NULL,NULL),(58,5,3,NULL,NULL,1,'2010-06-21 07:53:25','2010-06-21 07:53:25',NULL,NULL,NULL,NULL),(59,5,4,NULL,NULL,1,'2010-06-21 07:53:25','2010-06-21 07:53:25',NULL,NULL,NULL,NULL),(60,5,5,NULL,NULL,1,'2010-06-21 07:53:25','2010-06-21 07:53:25',NULL,NULL,NULL,NULL),(61,5,6,NULL,NULL,1,'2010-06-21 07:53:25','2010-06-21 07:53:25',NULL,NULL,NULL,NULL),(62,5,7,NULL,NULL,1,'2010-06-21 07:53:25','2010-06-21 07:53:25',NULL,NULL,NULL,NULL),(63,5,8,NULL,NULL,1,'2010-06-21 07:53:25','2010-06-21 07:53:25',NULL,NULL,NULL,NULL),(64,5,9,NULL,NULL,1,'2010-06-21 07:53:25','2010-06-21 07:53:25',NULL,NULL,NULL,NULL),(65,5,10,NULL,NULL,1,'2010-06-21 07:53:25','2010-06-21 07:53:25',NULL,NULL,NULL,NULL),(66,5,11,NULL,NULL,1,'2010-06-21 07:53:25','2010-06-21 07:53:25',NULL,NULL,NULL,NULL),(67,5,12,NULL,NULL,1,'2010-06-21 07:53:26','2010-06-21 07:53:26',NULL,NULL,NULL,NULL),(68,5,13,NULL,NULL,1,'2010-06-21 07:53:26','2010-06-21 07:53:26',NULL,NULL,NULL,NULL),(69,5,14,NULL,NULL,1,'2010-06-21 07:53:26','2010-06-21 07:53:26',NULL,NULL,NULL,NULL),(70,5,15,NULL,NULL,1,'2010-06-21 07:53:26','2010-06-21 07:53:26',NULL,NULL,NULL,NULL),(71,5,16,NULL,NULL,1,'2010-06-21 07:53:26','2010-06-21 07:53:26',NULL,NULL,NULL,NULL),(72,5,17,NULL,NULL,1,'2010-06-21 07:53:26','2010-06-21 07:53:26',NULL,NULL,NULL,NULL),(73,5,18,NULL,NULL,1,'2010-06-21 07:53:26','2010-06-21 07:53:26',NULL,NULL,NULL,NULL),(74,6,1,NULL,NULL,1,'2010-06-21 07:53:34','2010-06-21 07:53:34',NULL,NULL,NULL,NULL),(75,6,2,NULL,NULL,1,'2010-06-21 07:53:34','2010-06-21 07:53:34',NULL,NULL,NULL,NULL),(76,6,3,NULL,NULL,1,'2010-06-21 07:53:34','2010-06-21 07:53:34',NULL,NULL,NULL,NULL),(77,6,4,NULL,NULL,1,'2010-06-21 07:53:34','2010-06-21 07:53:34',NULL,NULL,NULL,NULL),(78,6,5,NULL,NULL,1,'2010-06-21 07:53:34','2010-06-21 07:53:34',NULL,NULL,NULL,NULL),(79,6,6,NULL,NULL,1,'2010-06-21 07:53:34','2010-06-21 07:53:34',NULL,NULL,NULL,NULL),(80,6,7,NULL,NULL,1,'2010-06-21 07:53:34','2010-06-21 07:53:34',NULL,NULL,NULL,NULL),(81,6,8,NULL,NULL,1,'2010-06-21 07:53:34','2010-06-21 07:53:34',NULL,NULL,NULL,NULL),(82,6,9,NULL,NULL,1,'2010-06-21 07:53:34','2010-06-21 07:53:34',NULL,NULL,NULL,NULL),(83,6,10,NULL,NULL,1,'2010-06-21 07:53:34','2010-06-21 07:53:34',NULL,NULL,NULL,NULL),(84,6,11,NULL,NULL,1,'2010-06-21 07:53:34','2010-06-21 07:53:34',NULL,NULL,NULL,NULL),(85,6,12,NULL,NULL,1,'2010-06-21 07:53:34','2010-06-21 07:53:34',NULL,NULL,NULL,NULL),(86,6,13,NULL,NULL,1,'2010-06-21 07:53:34','2010-06-21 07:53:34',NULL,NULL,NULL,NULL),(87,6,14,NULL,NULL,1,'2010-06-21 07:53:34','2010-06-21 07:53:34',NULL,NULL,NULL,NULL),(88,6,15,NULL,NULL,1,'2010-06-21 07:53:34','2010-06-21 07:53:34',NULL,NULL,NULL,NULL),(89,6,16,NULL,NULL,1,'2010-06-21 07:53:34','2010-06-21 07:53:34',NULL,NULL,NULL,NULL),(90,6,17,NULL,NULL,1,'2010-06-21 07:53:34','2010-06-21 07:53:34',NULL,NULL,NULL,NULL),(91,6,18,NULL,NULL,1,'2010-06-21 07:53:34','2010-06-21 07:53:34',NULL,NULL,NULL,NULL),(92,7,1,NULL,NULL,1,'2010-06-21 07:53:40','2010-06-21 07:53:40',NULL,NULL,NULL,NULL),(93,7,2,NULL,NULL,1,'2010-06-21 07:53:40','2010-06-21 07:53:40',NULL,NULL,NULL,NULL),(94,7,3,NULL,NULL,1,'2010-06-21 07:53:40','2010-06-21 07:53:40',NULL,NULL,NULL,NULL),(95,7,4,NULL,NULL,1,'2010-06-21 07:53:40','2010-06-21 07:53:40',NULL,NULL,NULL,NULL),(96,7,5,NULL,NULL,1,'2010-06-21 07:53:40','2010-06-21 07:53:40',NULL,NULL,NULL,NULL),(97,7,6,NULL,NULL,1,'2010-06-21 07:53:40','2010-06-21 07:53:40',NULL,NULL,NULL,NULL),(98,7,7,NULL,NULL,1,'2010-06-21 07:53:40','2010-06-21 07:53:40',NULL,NULL,NULL,NULL),(99,7,8,NULL,NULL,1,'2010-06-21 07:53:40','2010-06-21 07:53:40',NULL,NULL,NULL,NULL),(100,7,9,NULL,NULL,1,'2010-06-21 07:53:40','2010-06-21 07:53:40',NULL,NULL,NULL,NULL),(101,7,10,NULL,NULL,1,'2010-06-21 07:53:40','2010-06-21 07:53:40',NULL,NULL,NULL,NULL),(102,7,11,NULL,NULL,1,'2010-06-21 07:53:40','2010-06-21 07:53:40',NULL,NULL,NULL,NULL),(103,7,12,NULL,NULL,1,'2010-06-21 07:53:40','2010-06-21 07:53:40',NULL,NULL,NULL,NULL),(104,7,13,NULL,NULL,1,'2010-06-21 07:53:40','2010-06-21 07:53:40',NULL,NULL,NULL,NULL),(105,7,14,NULL,NULL,1,'2010-06-21 07:53:40','2010-06-21 07:53:40',NULL,NULL,NULL,NULL),(106,7,15,NULL,NULL,1,'2010-06-21 07:53:41','2010-06-21 07:53:41',NULL,NULL,NULL,NULL),(107,7,16,NULL,NULL,1,'2010-06-21 07:53:41','2010-06-21 07:53:41',NULL,NULL,NULL,NULL),(108,7,17,NULL,NULL,1,'2010-06-21 07:53:41','2010-06-21 07:53:41',NULL,NULL,NULL,NULL),(109,7,18,NULL,NULL,1,'2010-06-21 07:53:41','2010-06-21 07:53:41',NULL,NULL,NULL,NULL),(110,8,1,NULL,NULL,1,'2010-06-21 07:53:45','2010-06-21 07:53:45',NULL,NULL,NULL,NULL),(111,8,2,NULL,NULL,1,'2010-06-21 07:53:45','2010-06-21 07:53:45',NULL,NULL,NULL,NULL),(112,8,3,NULL,NULL,1,'2010-06-21 07:53:45','2010-06-21 07:53:45',NULL,NULL,NULL,NULL),(113,8,4,NULL,NULL,1,'2010-06-21 07:53:45','2010-06-21 07:53:45',NULL,NULL,NULL,NULL),(114,8,5,NULL,NULL,1,'2010-06-21 07:53:45','2010-06-21 07:53:45',NULL,NULL,NULL,NULL),(115,8,6,NULL,NULL,1,'2010-06-21 07:53:45','2010-06-21 07:53:45',NULL,NULL,NULL,NULL),(116,8,7,NULL,NULL,1,'2010-06-21 07:53:45','2010-06-21 07:53:45',NULL,NULL,NULL,NULL),(117,8,8,NULL,NULL,1,'2010-06-21 07:53:45','2010-06-21 07:53:45',NULL,NULL,NULL,NULL),(118,8,9,NULL,NULL,1,'2010-06-21 07:53:45','2010-06-21 07:53:45',NULL,NULL,NULL,NULL),(119,8,10,NULL,NULL,1,'2010-06-21 07:53:45','2010-06-21 07:53:45',NULL,NULL,NULL,NULL),(120,8,11,NULL,NULL,1,'2010-06-21 07:53:45','2010-06-21 07:53:45',NULL,NULL,NULL,NULL),(121,8,12,NULL,NULL,1,'2010-06-21 07:53:45','2010-06-21 07:53:45',NULL,NULL,NULL,NULL),(122,8,13,NULL,NULL,1,'2010-06-21 07:53:45','2010-06-21 07:53:45',NULL,NULL,NULL,NULL),(123,8,14,NULL,NULL,1,'2010-06-21 07:53:45','2010-06-21 07:53:45',NULL,NULL,NULL,NULL),(124,8,15,NULL,NULL,1,'2010-06-21 07:53:45','2010-06-21 07:53:45',NULL,NULL,NULL,NULL),(125,8,16,NULL,NULL,1,'2010-06-21 07:53:46','2010-06-21 07:53:46',NULL,NULL,NULL,NULL),(126,8,17,NULL,NULL,1,'2010-06-21 07:53:46','2010-06-21 07:53:46',NULL,NULL,NULL,NULL),(127,8,18,NULL,NULL,1,'2010-06-21 07:53:46','2010-06-21 07:53:46',NULL,NULL,NULL,NULL),(128,9,1,NULL,NULL,1,'2010-06-21 07:53:51','2010-06-21 07:53:51',NULL,NULL,NULL,NULL),(129,9,2,NULL,NULL,1,'2010-06-21 07:53:51','2010-06-21 07:53:51',NULL,NULL,NULL,NULL),(130,9,3,NULL,NULL,1,'2010-06-21 07:53:51','2010-06-21 07:53:51',NULL,NULL,NULL,NULL),(131,9,4,NULL,NULL,1,'2010-06-21 07:53:51','2010-06-21 07:53:51',NULL,NULL,NULL,NULL),(132,9,5,NULL,NULL,1,'2010-06-21 07:53:51','2010-06-21 07:53:51',NULL,NULL,NULL,NULL),(133,9,6,NULL,NULL,1,'2010-06-21 07:53:51','2010-06-21 07:53:51',NULL,NULL,NULL,NULL),(134,9,7,NULL,NULL,1,'2010-06-21 07:53:52','2010-06-21 07:53:52',NULL,NULL,NULL,NULL),(135,9,8,NULL,NULL,1,'2010-06-21 07:53:52','2010-06-21 07:53:52',NULL,NULL,NULL,NULL),(136,9,9,NULL,NULL,1,'2010-06-21 07:53:52','2010-06-21 07:53:52',NULL,NULL,NULL,NULL),(137,9,10,NULL,NULL,1,'2010-06-21 07:53:52','2010-06-21 07:53:52',NULL,NULL,NULL,NULL),(138,9,11,NULL,NULL,1,'2010-06-21 07:53:52','2010-06-21 07:53:52',NULL,NULL,NULL,NULL),(139,9,12,NULL,NULL,1,'2010-06-21 07:53:52','2010-06-21 07:53:52',NULL,NULL,NULL,NULL),(140,9,13,NULL,NULL,1,'2010-06-21 07:53:52','2010-06-21 07:53:52',NULL,NULL,NULL,NULL),(141,9,14,NULL,NULL,1,'2010-06-21 07:53:52','2010-06-21 07:53:52',NULL,NULL,NULL,NULL),(142,9,15,NULL,NULL,1,'2010-06-21 07:53:52','2010-06-21 07:53:52',NULL,NULL,NULL,NULL),(143,9,16,NULL,NULL,1,'2010-06-21 07:53:52','2010-06-21 07:53:52',NULL,NULL,NULL,NULL),(144,9,17,NULL,NULL,1,'2010-06-21 07:53:52','2010-06-21 07:53:52',NULL,NULL,NULL,NULL),(145,9,18,NULL,NULL,1,'2010-06-21 07:53:52','2010-06-21 07:53:52',NULL,NULL,NULL,NULL);
/*!40000 ALTER TABLE `holes` ENABLE KEYS */;
UNLOCK TABLES;

--
-- Table structure for table `matches`
--

DROP TABLE IF EXISTS `matches`;
/*!40101 SET @saved_cs_client     = @@character_set_client */;
/*!40101 SET character_set_client = utf8 */;
CREATE TABLE `matches` (
  `id` int(11) NOT NULL AUTO_INCREMENT,
  `course_id` int(11) DEFAULT NULL,
  `date_hour_match` datetime DEFAULT NULL,
  `holes` int(11) DEFAULT NULL,
  `enabled` tinyint(1) DEFAULT '1',
  `created_at` datetime DEFAULT NULL,
  `updated_at` datetime DEFAULT NULL,
  `privacy_type_id` int(11) DEFAULT '1',
  PRIMARY KEY (`id`)
) ENGINE=InnoDB AUTO_INCREMENT=46 DEFAULT CHARSET=latin1;
/*!40101 SET character_set_client = @saved_cs_client */;

--
-- Dumping data for table `matches`
--

LOCK TABLES `matches` WRITE;
/*!40000 ALTER TABLE `matches` DISABLE KEYS */;
INSERT INTO `matches` VALUES (7,1,'2008-05-02 15:43:00',18,1,'2009-12-07 15:44:37','2009-12-07 15:44:37',1),(8,1,'2009-11-15 14:04:00',18,1,'2009-12-08 19:05:01','2009-12-08 19:05:01',1),(10,1,'2009-12-13 12:36:00',18,1,'2009-12-24 16:47:15','2009-12-24 16:47:15',1),(11,1,'2008-04-27 12:00:00',18,1,'2010-01-03 19:26:31','2010-01-03 19:26:31',1),(22,1,'2010-06-20 12:20:00',18,1,'2010-06-20 17:59:22','2010-07-09 18:39:18',1),(23,5,'2010-06-06 11:20:00',18,1,'2010-06-20 18:16:33','2010-06-20 18:16:33',1),(42,1,'2009-11-08 14:07:00',14,1,'2010-07-14 14:09:18','2010-07-14 14:09:18',1),(43,1,'2009-11-21 14:12:00',18,1,'2010-07-14 14:17:28','2010-07-14 14:17:28',1),(44,1,'2009-10-12 14:32:00',18,1,'2010-07-14 14:33:43','2010-07-14 14:33:43',1),(45,1,'2009-05-03 14:41:00',18,1,'2010-07-14 14:43:05','2010-07-14 14:43:05',1);
/*!40000 ALTER TABLE `matches` ENABLE KEYS */;
UNLOCK TABLES;

--
-- Table structure for table `players`
--

DROP TABLE IF EXISTS `players`;
/*!40101 SET @saved_cs_client     = @@character_set_client */;
/*!40101 SET character_set_client = utf8 */;
CREATE TABLE `players` (
  `id` int(11) NOT NULL AUTO_INCREMENT,
  `user_id` int(11) DEFAULT NULL,
  `match_id` int(11) DEFAULT NULL,
  `tee_id` int(11) DEFAULT NULL,
  `created_at` datetime DEFAULT NULL,
  `updated_at` datetime DEFAULT NULL,
  `handicap` int(11) DEFAULT NULL,
  PRIMARY KEY (`id`)
) ENGINE=InnoDB AUTO_INCREMENT=137 DEFAULT CHARSET=latin1;
/*!40101 SET character_set_client = @saved_cs_client */;

--
-- Dumping data for table `players`
--

LOCK TABLES `players` WRITE;
/*!40000 ALTER TABLE `players` DISABLE KEYS */;
INSERT INTO `players` VALUES (14,1,7,1,'2009-12-07 15:44:37','2009-12-07 15:44:37',NULL),(15,2,7,2,'2009-12-07 15:44:37','2009-12-07 15:44:37',NULL),(16,3,7,1,'2009-12-07 16:54:49','2009-12-07 16:54:49',NULL),(17,4,7,2,'2009-12-07 16:54:49','2009-12-07 16:54:49',NULL),(18,1,8,1,'2009-12-08 19:05:01','2009-12-08 19:05:01',NULL),(19,2,8,2,'2009-12-08 19:05:01','2009-12-08 19:05:42',NULL),(20,3,8,1,'2009-12-08 19:05:01','2009-12-08 19:05:01',NULL),(21,4,8,2,'2009-12-08 19:05:01','2009-12-08 19:05:42',NULL),(24,1,10,1,'2009-12-24 16:47:15','2009-12-24 16:47:15',NULL),(25,2,10,2,'2009-12-24 16:47:15','2009-12-24 16:47:15',NULL),(26,3,10,1,'2009-12-24 16:47:15','2009-12-24 16:47:15',NULL),(27,4,10,2,'2009-12-24 16:47:15','2009-12-24 16:47:15',NULL),(28,1,11,1,'2010-01-03 19:26:31','2010-01-03 19:26:31',NULL),(29,2,11,2,'2010-01-03 19:26:31','2010-01-03 19:26:31',NULL),(31,3,11,1,'2010-01-03 19:28:01','2010-01-03 19:28:01',NULL),(32,4,11,2,'2010-01-03 19:28:01','2010-01-03 19:28:01',NULL),(42,2,22,2,'2010-06-20 17:59:22','2010-07-26 18:55:04',36),(43,3,22,1,'2010-06-20 17:59:22','2010-06-20 17:59:22',NULL),(44,4,22,2,'2010-06-20 17:59:22','2010-07-26 18:55:04',NULL),(45,1,22,1,'2010-06-20 17:59:22','2010-06-20 17:59:22',NULL),(46,2,23,2,'2010-06-20 18:16:33','2010-06-20 18:16:33',NULL),(47,1,23,1,'2010-06-20 18:16:33','2010-06-20 18:16:33',NULL),(88,1,42,1,'2010-07-14 14:09:18','2010-07-14 14:09:18',NULL),(89,2,42,2,'2010-07-14 14:09:18','2010-07-14 14:09:18',NULL),(90,3,42,1,'2010-07-14 14:09:18','2010-07-14 14:09:18',NULL),(91,4,42,2,'2010-07-14 14:09:18','2010-07-14 14:09:18',NULL),(92,1,43,1,'2010-07-14 14:17:28','2010-07-14 14:17:28',NULL),(93,2,43,2,'2010-07-14 14:17:28','2010-07-14 14:17:28',NULL),(94,3,43,1,'2010-07-14 14:17:28','2010-07-14 14:17:28',NULL),(95,4,43,2,'2010-07-14 14:17:28','2010-07-14 14:17:28',NULL),(96,1,44,1,'2010-07-14 14:33:43','2010-07-14 14:33:43',NULL),(97,2,44,2,'2010-07-14 14:33:43','2010-07-14 14:33:43',NULL),(98,3,44,1,'2010-07-14 14:33:43','2010-07-14 14:33:43',NULL),(99,4,44,2,'2010-07-14 14:33:43','2010-07-14 14:33:43',NULL),(100,1,45,1,'2010-07-14 14:43:05','2010-07-14 14:43:05',NULL),(101,2,45,2,'2010-07-14 14:43:05','2010-07-14 14:43:05',NULL),(102,3,45,1,'2010-07-14 14:43:05','2010-07-14 14:43:05',NULL),(103,4,45,2,'2010-07-14 14:43:05','2010-07-14 14:43:05',NULL),(113,1,NULL,NULL,'2010-07-26 21:00:17','2010-07-26 21:00:17',36),(114,4,46,1,'2010-07-30 19:19:45','2010-07-30 19:19:45',36),(115,3,46,1,'2010-07-30 19:19:45','2010-07-30 19:19:45',36),(116,4,47,1,'2010-07-30 19:20:57','2010-07-30 19:20:57',36),(117,3,47,1,'2010-07-30 19:20:57','2010-07-30 19:20:57',36),(118,4,48,1,'2010-07-30 19:22:14','2010-07-30 19:22:14',36),(119,4,48,1,'2010-07-30 19:22:14','2010-07-30 19:22:14',36),(120,4,49,1,'2010-07-30 19:26:27','2010-07-30 19:26:27',36),(121,4,50,1,'2010-07-30 19:26:34','2010-07-30 19:26:34',36),(122,4,50,1,'2010-07-30 19:26:34','2010-07-30 19:26:34',36),(123,4,51,1,'2010-07-30 20:35:12','2010-07-30 20:35:12',36),(124,4,51,1,'2010-07-30 20:35:12','2010-07-30 20:35:12',36),(125,4,52,1,'2010-07-30 20:36:06','2010-07-30 20:36:06',36),(126,3,52,1,'2010-07-30 20:36:06','2010-07-30 20:36:06',36),(127,4,53,1,'2010-07-30 20:38:27','2010-07-30 20:38:27',36),(128,3,53,1,'2010-07-30 20:38:27','2010-07-30 20:38:27',36),(129,4,54,1,'2010-07-30 20:38:54','2010-07-30 20:38:54',36),(130,4,54,1,'2010-07-30 20:38:54','2010-07-30 20:38:54',36),(131,4,55,1,'2010-07-30 20:42:11','2010-07-30 20:42:11',36),(132,4,55,1,'2010-07-30 20:42:11','2010-07-30 20:42:11',36),(133,4,56,1,'2010-07-30 20:45:37','2010-07-30 20:45:37',36),(134,3,56,1,'2010-07-30 20:45:37','2010-07-30 20:45:37',36),(135,4,57,1,'2010-07-30 20:46:18','2010-07-30 20:46:18',36),(136,3,57,1,'2010-07-30 20:46:18','2010-07-30 20:46:18',36);
/*!40000 ALTER TABLE `players` ENABLE KEYS */;
UNLOCK TABLES;

--
-- Table structure for table `plugin_schema_info`
--

DROP TABLE IF EXISTS `plugin_schema_info`;
/*!40101 SET @saved_cs_client     = @@character_set_client */;
/*!40101 SET character_set_client = utf8 */;
CREATE TABLE `plugin_schema_info` (
  `plugin_name` varchar(255) DEFAULT NULL,
  `version` int(11) DEFAULT NULL
) ENGINE=MyISAM DEFAULT CHARSET=latin1;
/*!40101 SET character_set_client = @saved_cs_client */;

--
-- Dumping data for table `plugin_schema_info`
--

LOCK TABLES `plugin_schema_info` WRITE;
/*!40000 ALTER TABLE `plugin_schema_info` DISABLE KEYS */;
/*!40000 ALTER TABLE `plugin_schema_info` ENABLE KEYS */;
UNLOCK TABLES;

--
-- Table structure for table `privacy_friends`
--

DROP TABLE IF EXISTS `privacy_friends`;
/*!40101 SET @saved_cs_client     = @@character_set_client */;
/*!40101 SET character_set_client = utf8 */;
CREATE TABLE `privacy_friends` (
  `id` int(11) NOT NULL AUTO_INCREMENT,
  `user1_id` int(11) NOT NULL,
  `user2_id` int(11) NOT NULL,
  `created_at` datetime DEFAULT NULL,
  `updated_at` datetime DEFAULT NULL,
  `allowed` int(11) DEFAULT '0',
  PRIMARY KEY (`id`)
) ENGINE=InnoDB AUTO_INCREMENT=43 DEFAULT CHARSET=latin1;
/*!40101 SET character_set_client = @saved_cs_client */;

--
-- Dumping data for table `privacy_friends`
--

LOCK TABLES `privacy_friends` WRITE;
/*!40000 ALTER TABLE `privacy_friends` DISABLE KEYS */;
INSERT INTO `privacy_friends` VALUES (12,1,4,'2010-07-17 15:54:28','2010-07-20 15:22:04',1),(20,6,5,'2010-07-20 12:18:56','2010-07-20 12:18:56',0),(24,6,2,'2010-07-20 14:48:24','2010-07-20 14:48:24',0),(26,4,1,'2010-07-20 15:48:40','2010-07-20 15:49:27',1),(31,1,3,'2010-07-26 16:27:39','2010-07-26 16:28:29',1),(32,3,1,'2010-07-26 16:27:39','2010-07-26 16:27:39',1),(33,1,2,'2010-07-26 16:27:47','2010-07-26 16:28:11',1),(34,2,1,'2010-07-26 16:27:47','2010-07-26 16:27:47',1),(35,6,1,'2010-07-26 21:22:16','2010-07-30 18:52:28',1),(36,1,6,'2010-07-26 21:22:16','2010-07-26 21:22:16',0),(37,2,4,'2010-07-29 09:18:43','2010-07-29 09:20:29',1),(38,4,2,'2010-07-29 09:18:43','2010-07-29 09:18:43',1),(39,2,3,'2010-07-29 09:18:51','2010-07-29 09:19:44',1),(40,3,2,'2010-07-29 09:18:51','2010-07-29 09:18:51',1),(41,4,3,'2010-07-29 09:20:38','2010-07-29 09:24:14',1),(42,3,4,'2010-07-29 09:20:38','2010-07-29 09:20:38',1);
/*!40000 ALTER TABLE `privacy_friends` ENABLE KEYS */;
UNLOCK TABLES;

--
-- Table structure for table `privacy_types`
--

DROP TABLE IF EXISTS `privacy_types`;
/*!40101 SET @saved_cs_client     = @@character_set_client */;
/*!40101 SET character_set_client = utf8 */;
CREATE TABLE `privacy_types` (
  `id` int(11) NOT NULL AUTO_INCREMENT,
  `description` varchar(255) DEFAULT NULL,
  `enabled` tinyint(1) DEFAULT '1',
  `created_at` datetime DEFAULT NULL,
  `updated_at` datetime DEFAULT NULL,
  PRIMARY KEY (`id`)
) ENGINE=InnoDB AUTO_INCREMENT=4 DEFAULT CHARSET=latin1;
/*!40101 SET character_set_client = @saved_cs_client */;

--
-- Dumping data for table `privacy_types`
--

LOCK TABLES `privacy_types` WRITE;
/*!40000 ALTER TABLE `privacy_types` DISABLE KEYS */;
INSERT INTO `privacy_types` VALUES (1,'Privado',1,NULL,NULL),(2,'Pblico',1,NULL,NULL),(3,'Amigo',1,NULL,NULL);
/*!40000 ALTER TABLE `privacy_types` ENABLE KEYS */;
UNLOCK TABLES;

--
-- Table structure for table `profiles`
--

DROP TABLE IF EXISTS `profiles`;
/*!40101 SET @saved_cs_client     = @@character_set_client */;
/*!40101 SET character_set_client = utf8 */;
CREATE TABLE `profiles` (
  `id` int(11) NOT NULL AUTO_INCREMENT,
  `description` varchar(255) DEFAULT NULL,
  `isadmin` tinyint(1) DEFAULT NULL,
  `enabled` tinyint(1) DEFAULT NULL,
  `created_at` datetime DEFAULT NULL,
  `updated_at` datetime DEFAULT NULL,
  PRIMARY KEY (`id`)
) ENGINE=InnoDB DEFAULT CHARSET=latin1;
/*!40101 SET character_set_client = @saved_cs_client */;

--
-- Dumping data for table `profiles`
--

LOCK TABLES `profiles` WRITE;
/*!40000 ALTER TABLE `profiles` DISABLE KEYS */;
/*!40000 ALTER TABLE `profiles` ENABLE KEYS */;
UNLOCK TABLES;

--
-- Table structure for table `rights`
--

DROP TABLE IF EXISTS `rights`;
/*!40101 SET @saved_cs_client     = @@character_set_client */;
/*!40101 SET character_set_client = utf8 */;
CREATE TABLE `rights` (
  `id` int(11) NOT NULL AUTO_INCREMENT,
  `user_id` int(11) DEFAULT NULL,
  `controller` varchar(255) DEFAULT NULL,
  `action` varchar(255) DEFAULT NULL,
  `action_allowed` tinyint(1) DEFAULT NULL,
  `created_at` datetime DEFAULT NULL,
  `updated_at` datetime DEFAULT NULL,
  PRIMARY KEY (`id`)
) ENGINE=InnoDB DEFAULT CHARSET=latin1;
/*!40101 SET character_set_client = @saved_cs_client */;

--
-- Dumping data for table `rights`
--

LOCK TABLES `rights` WRITE;
/*!40000 ALTER TABLE `rights` DISABLE KEYS */;
/*!40000 ALTER TABLE `rights` ENABLE KEYS */;
UNLOCK TABLES;

--
-- Table structure for table `schema_migrations`
--

DROP TABLE IF EXISTS `schema_migrations`;
/*!40101 SET @saved_cs_client     = @@character_set_client */;
/*!40101 SET character_set_client = utf8 */;
CREATE TABLE `schema_migrations` (
  `version` varchar(255) NOT NULL,
  UNIQUE KEY `unique_schema_migrations` (`version`)
) ENGINE=InnoDB DEFAULT CHARSET=latin1;
/*!40101 SET character_set_client = @saved_cs_client */;

--
-- Dumping data for table `schema_migrations`
--

LOCK TABLES `schema_migrations` WRITE;
/*!40000 ALTER TABLE `schema_migrations` DISABLE KEYS */;
INSERT INTO `schema_migrations` VALUES ('20090808175148'),('20090808181139'),('20090808182043'),('20090808182228'),('20090808183823'),('20090822090239'),('20090905153253'),('20091023182617'),('20091024083626'),('20091109194451'),('20091109194704'),('20091208110619'),('20091231192020'),('20100304194438'),('20100304195342'),('20100306130853'),('20100307153455'),('20100417173859'),('20100417174003'),('20100419203405'),('20100419210649'),('20100420185020'),('20100420185103'),('20100424181031'),('20100608121949'),('20100608171534'),('20100608171648'),('20100608171746'),('20100611134612'),('20100717134612'),('20100725150311');
/*!40000 ALTER TABLE `schema_migrations` ENABLE KEYS */;
UNLOCK TABLES;

--
-- Table structure for table `tees`
--

DROP TABLE IF EXISTS `tees`;
/*!40101 SET @saved_cs_client     = @@character_set_client */;
/*!40101 SET character_set_client = utf8 */;
CREATE TABLE `tees` (
  `id` int(11) NOT NULL AUTO_INCREMENT,
  `barras` varchar(255) DEFAULT NULL,
  `enabled` tinyint(1) DEFAULT '1',
  `created_at` datetime DEFAULT NULL,
  `updated_at` datetime DEFAULT NULL,
  PRIMARY KEY (`id`)
) ENGINE=InnoDB AUTO_INCREMENT=3 DEFAULT CHARSET=latin1;
/*!40101 SET character_set_client = @saved_cs_client */;

--
-- Dumping data for table `tees`
--

LOCK TABLES `tees` WRITE;
/*!40000 ALTER TABLE `tees` DISABLE KEYS */;
INSERT INTO `tees` VALUES (1,'Amarillas',1,'2009-11-29 18:03:02','2009-11-29 18:03:02'),(2,'Rojas',1,'2009-11-29 18:03:11','2009-11-29 18:03:11');
/*!40000 ALTER TABLE `tees` ENABLE KEYS */;
UNLOCK TABLES;

--
-- Table structure for table `users`
--

DROP TABLE IF EXISTS `users`;
/*!40101 SET @saved_cs_client     = @@character_set_client */;
/*!40101 SET character_set_client = utf8 */;
CREATE TABLE `users` (
  `id` int(11) NOT NULL AUTO_INCREMENT,
  `name` varchar(255) DEFAULT NULL,
  `login` varchar(255) DEFAULT NULL,
  `email` varchar(255) DEFAULT NULL,
  `crypted_password` varchar(40) DEFAULT NULL,
  `salt` varchar(40) DEFAULT NULL,
  `remember_token` varchar(255) DEFAULT NULL,
  `remember_token_expires_at` datetime DEFAULT NULL,
  `handicap` decimal(10,0) DEFAULT NULL,
  `enabled` tinyint(1) DEFAULT '1',
  `created_at` datetime DEFAULT NULL,
  `updated_at` datetime DEFAULT NULL,
  `activated_at` datetime DEFAULT NULL,
  `activation_code` varchar(255) DEFAULT NULL,
  `privacy_type_id` int(11) DEFAULT '1',
  PRIMARY KEY (`id`)
) ENGINE=InnoDB AUTO_INCREMENT=9 DEFAULT CHARSET=latin1;
/*!40101 SET character_set_client = @saved_cs_client */;

--
-- Dumping data for table `users`
--

LOCK TABLES `users` WRITE;
/*!40000 ALTER TABLE `users` DISABLE KEYS */;
INSERT INTO `users` VALUES (1,'Eladio Ruiz','eladioruiz','eladioruiz@gmail.com','5866d52d5862b0701d71d0ab4e21c3c6a0db33eb','881cd03527326bdaeec88be769bf01b32af7f33c',NULL,NULL,'36',1,'2009-11-29 18:00:28','2010-07-28 17:24:18',NULL,NULL,1),(2,'Beatriz Pardo','beapardo','beapardo@gmail.com','29e57480de6bec1d5c58fb38a18381618aab3259','c59bdefca25d881dc98610bccfa687c2a00e65be',NULL,NULL,'32',1,'2009-11-29 18:15:59','2010-07-26 21:01:23',NULL,NULL,1),(3,'Juan Pardo','jpardo','jipardoalbarellos@hotmail.com','d674d5a57abc3eb227433becfa8242d725c6850a','16012d9fe04fe6e62a5b6e9a3ceb655fd4b1ae68',NULL,NULL,'36',1,'2009-12-07 16:38:38','2010-07-26 21:19:05',NULL,NULL,1),(4,'Merche Calvo','mcalvo','merchecales@hotmail.com','c7229a0c56f1d444ecdf8f35baca4898eaa9a5a6','0c42c28e5eb80919e4b082fa205a0046dfb2306d',NULL,NULL,'36',1,'2009-12-07 16:53:17','2010-07-26 21:19:25',NULL,NULL,1),(5,'Prueba','prueba','admin@mygolfcard.es','9dffb0c2306d53b4dcbb7e7a4f97a485b9559b29','a575b8db5dda84146986c81bb5ba68736637acb3',NULL,NULL,NULL,1,'2010-06-09 07:04:11','2010-06-09 07:04:11',NULL,NULL,1),(6,'kiko1','kiko','kiko@rui1z.com','d9d0b6aacd9a96275895064523b844bdfccf92af','59c03886bb34826130bf6cfb71f384b9849865b5',NULL,NULL,'36',1,'2010-07-15 14:30:31','2010-07-26 21:16:54',NULL,NULL,1),(7,'papa','papa','papa@papa.com','a1a41b9f170aeacb61b105005bcfc88db929ca59','ec193dafaf40c04ddf3f670eb960b15766d74aa9',NULL,NULL,NULL,1,'2010-07-15 15:10:44','2010-07-15 15:10:44',NULL,NULL,1),(8,'prueba2','prueba2','prueba2@prueba.com','032669c14a37bc2f88ac18b26dd56fdce86da23e','b6897096fa31dc86da1b9e23501bb4f37fdcd44b',NULL,NULL,NULL,1,'2010-07-20 16:22:39','2010-07-20 16:22:39',NULL,NULL,1);
/*!40000 ALTER TABLE `users` ENABLE KEYS */;
UNLOCK TABLES;

--
-- Temporary table structure for view `vw_aux_strokes_per_match`
--

DROP TABLE IF EXISTS `vw_aux_strokes_per_match`;
/*!50001 DROP VIEW IF EXISTS `vw_aux_strokes_per_match`*/;
SET @saved_cs_client     = @@character_set_client;
SET character_set_client = utf8;
/*!50001 CREATE TABLE `vw_aux_strokes_per_match` (
  `id` int(11),
  `user_id` int(11),
  `holes` int(11),
  `suma` decimal(32,0)
) ENGINE=MyISAM */;
SET character_set_client = @saved_cs_client;

--
-- Temporary table structure for view `vw_matches_per_month`
--

DROP TABLE IF EXISTS `vw_matches_per_month`;
/*!50001 DROP VIEW IF EXISTS `vw_matches_per_month`*/;
SET @saved_cs_client     = @@character_set_client;
SET character_set_client = utf8;
/*!50001 CREATE TABLE `vw_matches_per_month` (
  `user_id` int(11),
  `month` int(2),
  `counter` bigint(21)
) ENGINE=MyISAM */;
SET character_set_client = @saved_cs_client;

--
-- Temporary table structure for view `vw_stats_courses`
--

DROP TABLE IF EXISTS `vw_stats_courses`;
/*!50001 DROP VIEW IF EXISTS `vw_stats_courses`*/;
SET @saved_cs_client     = @@character_set_client;
SET character_set_client = utf8;
/*!50001 CREATE TABLE `vw_stats_courses` (
  `user_id` int(11),
  `course_id` int(11),
  `n_times` bigint(21)
) ENGINE=MyISAM */;
SET character_set_client = @saved_cs_client;

--
-- Temporary table structure for view `vw_strokes_per_match`
--

DROP TABLE IF EXISTS `vw_strokes_per_match`;
/*!50001 DROP VIEW IF EXISTS `vw_strokes_per_match`*/;
SET @saved_cs_client     = @@character_set_client;
SET character_set_client = utf8;
/*!50001 CREATE TABLE `vw_strokes_per_match` (
  `id` int(11),
  `user_id` int(11),
  `holes` int(11),
  `suma` decimal(32,0)
) ENGINE=MyISAM */;
SET character_set_client = @saved_cs_client;

--
-- Temporary table structure for view `vw_user_friends`
--

DROP TABLE IF EXISTS `vw_user_friends`;
/*!50001 DROP VIEW IF EXISTS `vw_user_friends`*/;
SET @saved_cs_client     = @@character_set_client;
SET character_set_client = utf8;
/*!50001 CREATE TABLE `vw_user_friends` (
  `user_friend` int(11),
  `myself` int(11)
) ENGINE=MyISAM */;
SET character_set_client = @saved_cs_client;

--
-- Final view structure for view `vw_aux_strokes_per_match`
--

/*!50001 DROP TABLE IF EXISTS `vw_aux_strokes_per_match`*/;
/*!50001 DROP VIEW IF EXISTS `vw_aux_strokes_per_match`*/;
/*!50001 SET @saved_cs_client          = @@character_set_client */;
/*!50001 SET @saved_cs_results         = @@character_set_results */;
/*!50001 SET @saved_col_connection     = @@collation_connection */;
/*!50001 SET character_set_client      = latin1 */;
/*!50001 SET character_set_results     = latin1 */;
/*!50001 SET collation_connection      = latin1_swedish_ci */;
/*!50001 CREATE ALGORITHM=UNDEFINED */
/*!50013 DEFINER=`root`@`localhost` SQL SECURITY DEFINER */
/*!50001 VIEW `vw_aux_strokes_per_match` AS select `matches`.`id` AS `id`,`players`.`user_id` AS `user_id`,`matches`.`holes` AS `holes`,sum(`card_strokes`.`strokes`) AS `suma` from (((`matches` join `players` on((`players`.`match_id` = `matches`.`id`))) join `cards` on(((`cards`.`match_id` = `matches`.`id`) and (`cards`.`player_id` = `players`.`id`)))) join `card_strokes` on((`card_strokes`.`card_id` = `cards`.`id`))) group by `matches`.`id`,`players`.`user_id`,`matches`.`holes` */;
/*!50001 SET character_set_client      = @saved_cs_client */;
/*!50001 SET character_set_results     = @saved_cs_results */;
/*!50001 SET collation_connection      = @saved_col_connection */;

--
-- Final view structure for view `vw_matches_per_month`
--

/*!50001 DROP TABLE IF EXISTS `vw_matches_per_month`*/;
/*!50001 DROP VIEW IF EXISTS `vw_matches_per_month`*/;
/*!50001 SET @saved_cs_client          = @@character_set_client */;
/*!50001 SET @saved_cs_results         = @@character_set_results */;
/*!50001 SET @saved_col_connection     = @@collation_connection */;
/*!50001 SET character_set_client      = latin1 */;
/*!50001 SET character_set_results     = latin1 */;
/*!50001 SET collation_connection      = latin1_swedish_ci */;
/*!50001 CREATE ALGORITHM=UNDEFINED */
/*!50013 DEFINER=`root`@`localhost` SQL SECURITY DEFINER */
/*!50001 VIEW `vw_matches_per_month` AS select `players`.`user_id` AS `user_id`,month(`matches`.`date_hour_match`) AS `month`,count(0) AS `counter` from (`matches` join `players` on((`players`.`match_id` = `matches`.`id`))) group by `players`.`user_id`,month(`matches`.`date_hour_match`) */;
/*!50001 SET character_set_client      = @saved_cs_client */;
/*!50001 SET character_set_results     = @saved_cs_results */;
/*!50001 SET collation_connection      = @saved_col_connection */;

--
-- Final view structure for view `vw_stats_courses`
--

/*!50001 DROP TABLE IF EXISTS `vw_stats_courses`*/;
/*!50001 DROP VIEW IF EXISTS `vw_stats_courses`*/;
/*!50001 SET @saved_cs_client          = @@character_set_client */;
/*!50001 SET @saved_cs_results         = @@character_set_results */;
/*!50001 SET @saved_col_connection     = @@collation_connection */;
/*!50001 SET character_set_client      = latin1 */;
/*!50001 SET character_set_results     = latin1 */;
/*!50001 SET collation_connection      = latin1_swedish_ci */;
/*!50001 CREATE ALGORITHM=UNDEFINED */
/*!50013 DEFINER=`root`@`localhost` SQL SECURITY DEFINER */
/*!50001 VIEW `vw_stats_courses` AS select `players`.`user_id` AS `user_id`,`matches`.`course_id` AS `course_id`,count(0) AS `n_times` from (`matches` join `players` on((`matches`.`id` = `players`.`match_id`))) group by `players`.`user_id`,`matches`.`course_id` */;
/*!50001 SET character_set_client      = @saved_cs_client */;
/*!50001 SET character_set_results     = @saved_cs_results */;
/*!50001 SET collation_connection      = @saved_col_connection */;

--
-- Final view structure for view `vw_strokes_per_match`
--

/*!50001 DROP TABLE IF EXISTS `vw_strokes_per_match`*/;
/*!50001 DROP VIEW IF EXISTS `vw_strokes_per_match`*/;
/*!50001 SET @saved_cs_client          = @@character_set_client */;
/*!50001 SET @saved_cs_results         = @@character_set_results */;
/*!50001 SET @saved_col_connection     = @@collation_connection */;
/*!50001 SET character_set_client      = latin1 */;
/*!50001 SET character_set_results     = latin1 */;
/*!50001 SET collation_connection      = latin1_swedish_ci */;
/*!50001 CREATE ALGORITHM=UNDEFINED */
/*!50013 DEFINER=`root`@`localhost` SQL SECURITY DEFINER */
/*!50001 VIEW `vw_strokes_per_match` AS select `matches`.`id` AS `id`,`players`.`user_id` AS `user_id`,`matches`.`holes` AS `holes`,sum(`card_strokes`.`strokes`) AS `suma` from (((`matches` join `players` on((`players`.`match_id` = `matches`.`id`))) join `cards` on(((`cards`.`match_id` = `matches`.`id`) and (`cards`.`player_id` = `players`.`id`)))) join `card_strokes` on((`card_strokes`.`card_id` = `cards`.`id`))) group by `matches`.`id`,`players`.`user_id`,`matches`.`holes` */;
/*!50001 SET character_set_client      = @saved_cs_client */;
/*!50001 SET character_set_results     = @saved_cs_results */;
/*!50001 SET collation_connection      = @saved_col_connection */;

--
-- Final view structure for view `vw_user_friends`
--

/*!50001 DROP TABLE IF EXISTS `vw_user_friends`*/;
/*!50001 DROP VIEW IF EXISTS `vw_user_friends`*/;
/*!50001 SET @saved_cs_client          = @@character_set_client */;
/*!50001 SET @saved_cs_results         = @@character_set_results */;
/*!50001 SET @saved_col_connection     = @@collation_connection */;
/*!50001 SET character_set_client      = latin1 */;
/*!50001 SET character_set_results     = latin1 */;
/*!50001 SET collation_connection      = latin1_swedish_ci */;
/*!50001 CREATE ALGORITHM=UNDEFINED */
/*!50013 DEFINER=`root`@`localhost` SQL SECURITY DEFINER */
/*!50001 VIEW `vw_user_friends` AS select `privacy_friends`.`user2_id` AS `user_friend`,`privacy_friends`.`user1_id` AS `myself` from `privacy_friends` */;
/*!50001 SET character_set_client      = @saved_cs_client */;
/*!50001 SET character_set_results     = @saved_cs_results */;
/*!50001 SET collation_connection      = @saved_col_connection */;
/*!40103 SET TIME_ZONE=@OLD_TIME_ZONE */;

/*!40101 SET SQL_MODE=@OLD_SQL_MODE */;
/*!40014 SET FOREIGN_KEY_CHECKS=@OLD_FOREIGN_KEY_CHECKS */;
/*!40014 SET UNIQUE_CHECKS=@OLD_UNIQUE_CHECKS */;
/*!40101 SET CHARACTER_SET_CLIENT=@OLD_CHARACTER_SET_CLIENT */;
/*!40101 SET CHARACTER_SET_RESULTS=@OLD_CHARACTER_SET_RESULTS */;
/*!40101 SET COLLATION_CONNECTION=@OLD_COLLATION_CONNECTION */;
/*!40111 SET SQL_NOTES=@OLD_SQL_NOTES */;

-- Dump completed on 2010-08-03 10:07:14
